product_id,review,timestamp,label,S_plus,S_netral,S_minus,predicted_label
Panda_Vivo Y71,kemudahan penggunaan:,2026-03-07 00:00:00,1,0.7237313389778137,0.273305207490921,0.002963426522910595,POSITIVE
Panda_Vivo Y71,"lazada emang asyik , udah dapet discount dapet voucher pula , gratis ongkir sudah pasti seller juga terpercaya , respon chat bertanggung jawab. terima kasih "" kepuasan pembeli adalah do'a """,2026-01-10 00:00:00,1,0.9931144118309021,0.005616077687591314,0.0012694635661318898,POSITIVE
Panda_Vivo Y71,kemudahan penggunaan:,2026-01-09 00:00:00,1,0.7237313389778137,0.273305207490921,0.002963426522910595,POSITIVE
Panda_Vivo Y71,"alhamdulillah barang pesanan sudah di terima, real pict,baru, segel, dan bergaransi, kamera belakang 13mp dengan lampu kilat,dapat harga murah tai barang bagus,yang lain jangan ragu beli di toko ini. hatur nuhun seler, tks kang kurir, tks lazada.",2025-11-10 00:00:00,1,0.9789809584617615,0.01902826316654682,0.001990742050111294,POSITIVE
Panda_Vivo Y71,alhamdulillah barang nya udah sampai reselles nya amanah banget kurir nya ramah terima kasih lazada reselles dan mas kurir,2025-10-28 00:00:00,1,0.9854570031166077,0.012853504158556461,0.0016895290464162827,POSITIVE
Panda_Vivo Y71,durability:,2025-10-30 00:00:00,1,0.4163072407245636,0.5056015849113464,0.07809124141931534,NEUTRAL
Panda_Vivo Y71,"kamera belakang 13mp dengan lampu kilat, baru, segel, dan bergaransi, terimakasih tokonya sudah amanah banget terimakasih lazada terimakasih abang kurirnya ramahkapasitas baterai 3360mah,",2025-10-21 00:00:00,1,0.966779887676239,0.031897060573101044,0.0013231108896434307,POSITIVE
Panda_Vivo Y71,"alhamdulillah barang sesuai pesanan tokonya amanah hp baru segel. datang sore langsung dices, semoga aja awet terimakasih kak..baru, segel, dan bergaransi, kapasitas baterai 3360mah,",2025-10-11 00:00:00,1,0.9411904215812683,0.05705539882183075,0.0017542605055496097,POSITIVE
Panda_Vivo Y71,untuk sekarang udah 2hari alhamdulillah baguss batrei ya juga kuat mudahan mudahan bisa awet tokonya juga amanah kulirya juga amanah baik terimakasih banyak lazada sukses selalu pokoknya puass jangan ragu bagus harga murah tapi gak murahan,2025-10-13 00:00:00,1,0.9960164427757263,0.00235016830265522,0.001633471343666315,POSITIVE
Panda_Vivo Y71,paket aman. hanya saja baru pakai sehari udah bootlop recovery. diflash sinyal hilang. tapi nggak masalah buat eksperimen.,2025-10-09 00:00:00,1,0.9352441430091858,0.05759928375482559,0.0071565378457307816,POSITIVE
Panda_Vivo Y71,"mantap, lumayan si hpnya, wajib beli, apalagi we dapat harga 181 ribu, cod, di kirim ke daerah sumbar, tidak mengecewakan, nnti pesan lagi,",2025-10-05 00:00:00,1,0.9969320297241211,0.002543039619922638,0.0005249578389339149,POSITIVE
Panda_Vivo Y71,"baru, segel, dan bergaransi, kapasitas baterai 3360mah, pelindung kaca gorilla glass 3,",2025-09-30 00:00:00,1,0.0038878796622157097,0.9949104189872742,0.0012016387190669775,NEUTRAL
Panda_Vivo Y71,"alhamdulillah, paket nyampe. semua lengkap dan berfungsi desainnya, bagus. ketahanan? selamat, dan sukses untuk semua",2025-09-26 00:00:00,1,0.9906994700431824,0.008201423101127148,0.001099168905057013,POSITIVE
Panda_Vivo Y71,maap baru kasih ulesan soal nya waktu pas datang anak saya nya belam da sekarang udah ada d rmh lumayan lah dengan harga segtu irit d. kantong toko nya amanah abang ade makasih,2026-06-17 00:00:00,1,0.9667757749557495,0.02260282076895237,0.010621382854878902,POSITIVE
Panda_Vivo Y71,"baru, segel, dan bergaransi, kamera belakang 13mp dengan lampu kilat, kapasitas baterai 3360mah,",2025-09-18 00:00:00,1,0.007192634046077728,0.9913414120674133,0.0014659789158031344,NEUTRAL
Panda_Vivo Y71,"desain bodi aluminium, kamera belakang 13mp dengan lampu kilat, kapasitas baterai 3360mah, semoga tidak ada kendala",2026-06-17 00:00:00,1,0.0341482013463974,0.9646022915840149,0.0012494969414547086,NEUTRAL
Panda_Vivo Y71,kemudahan penggunaan:,2025-09-11 00:00:00,1,0.7237313389778137,0.273305207490921,0.002963426522910595,POSITIVE
Panda_Vivo Y71,"baru, segel, dan bergaransi, kapasitas baterai 3360mah, terimakasih kak pesanan sudah diterima dgn baik dan sesuai pesanan. hp belum di coba tapi semoga saja awet.dan g ada lecetnya",2025-09-11 00:00:00,1,0.9602446556091309,0.035837091505527496,0.003918165806680918,POSITIVE
Panda_Vivo Y71,"kapasitas baterai 3360mah, oke dan sangat baik",2025-09-07 00:00:00,1,0.9932959675788879,0.00579172233119607,0.0009124010102823377,POSITIVE
Panda_Vivo Y71,"kamera belakang 13mp dengan lampu kilat, pelindung kaca gorilla glass 3, masih segel kardusnya, aman tiba di tempat saya. saya tidak tau ini apa china made versi kw nya kah, respon layar agak delay",2025-09-05 00:00:00,1,0.2799236476421356,0.052008006721735,0.6680683493614197,NEGATIVE
Panda_Vivo Y71,alhamdulillah hp nya udah datang pengiriman cepat cuman 2 hri udah nyampe.respon penjual cepet lagi..maksih seler .mdh2 hp nya awet,2026-06-03 00:00:00,1,0.9949330687522888,0.0040894728153944016,0.000977391260676086,POSITIVE
Panda_Vivo Y71,"pelindung kaca gorilla glass 3, kamera belakang 13mp dengan lampu kilat, desain bodi aluminium, .. pesanan sudah di terima, barang bagus dan masih baru ( masih di segel ).. kondisi normal dan tidak ada kendala.. tokonya amanah, saya puas sekali belanja di sini.. terima kasih seller jg lazada semoga semakin sukses dan maju..!!",2025-08-28 00:00:00,1,0.9938495755195618,0.00509378407150507,0.0010566309792920947,POSITIVE
Panda_Vivo Y71,"baru, segel, dan bergaransi, desain bodi aluminium, trimakasih barang sudah sampai hari ini",2026-06-17 00:00:00,1,0.005654400214552879,0.9898611307144165,0.004484535660594702,NEUTRAL
Panda_Vivo Y71,"baru, segel, dan bergaransi, pelindung kaca gorilla glass 3, semoga hpnya awet, sayang simcardnya cuman ad 1, deskripsinya 2.. tapi gak masalah yg penting hpnya. semoga tokonya amanah. thank lazada dan seller.",2026-06-03 00:00:00,1,0.9800123572349548,0.017993975430727005,0.001993597950786352,POSITIVE
Panda_Vivo Y71,"kondisi paket masih utuh,pengiriman cepat,kurirnya amanah,meskipun paket sempat hilang oleh j&t express di orderan pertama dan ada refund dana oleh lazada,tapi saya masih tetap re-order di toko ini karena review pembelinya hampir mendekati ekpetasi. produk hp yang saya pesan pertama adalah vivo y55 4g warna hitam tapi yang sampai ke alamat adalah vivo y66 4g dengan versi android 14,1, kapasitas ram 4,0 gb dan total storage capacity 64 gb refurbished tapi fullset, meskipun sering loading sedikit tapi tetap berfungsi dengan baik,ada dikasih bonus casingnya.kualitas produk sesuai harga.terima kasih",2026-04-30 00:00:00,1,0.991624653339386,0.007305748760700226,0.001069541904143989,POSITIVE
Panda_Vivo Y71,hp risa gk bisa baca kartu dijual ktnya ram 6 memori 128 tapi tpi yg dikirim ram 4 /64 mntap emak jdi penipu,2026-04-23 00:00:00,1,0.0006277048378251493,0.004334117751568556,0.9950382113456726,NEGATIVE
Panda_Vivo Y71,"pengiriman sangat cepat,kualitas desain bodi sya suka..",2025-10-05 00:00:00,1,0.9962479472160339,0.003084791824221611,0.0006672440213151276,POSITIVE
Panda_Vivo Y71,pesanan dah mendarat dan sesuai.dan fungsi hp normal semua,2025-09-27 00:00:00,1,0.06286288052797318,0.9164611101150513,0.020676052197813988,NEUTRAL
Panda_Vivo Y71,"pelindung kaca gorilla glass 3, desain bodi aluminium, baru, segel, dan bergaransi, kamera belakang 13mp dengan lampu kilat,",2026-04-10 00:00:00,1,0.009302953258156776,0.9897258877754211,0.0009711757302284241,NEUTRAL
Panda_Vivo Y71,"makasih kak baranya udah sampe dngan mulus, cma pengiriman nya aga lama",2026-06-10 00:00:00,1,0.29100164771080017,0.09181950986385345,0.6171788573265076,NEGATIVE
Panda_Vivo Y71,"untuk produk realpi k, hanya saja pesan warna hitam di kirim pink, pdhal utk anak laki untung doi gk papa",2026-04-01 00:00:00,1,0.09252095222473145,0.8189514875411987,0.08852756023406982,NEUTRAL
Panda_Vivo Y71,"baterai cepet panas, ko ini hp udah ada email nya ya berarti second ya bukan barupelindung kaca gorilla glass 3,",2026-04-01 00:00:00,1,0.002030972857028246,0.12155923247337341,0.8764097690582275,NEGATIVE
Panda_Vivo Y71,mantaf sesuai iklan hp gres mulus dan normal pengiriman cepat respon penjual cepat dan bersahabat harga bersaing makasih banget seller,2025-07-17 00:00:00,1,0.9944650530815125,0.0041800993494689465,0.001354872714728117,POSITIVE
Panda_Vivo Y71,kemudahan penggunaan:,2025-06-29 00:00:00,1,0.7237319946289062,0.27330461144447327,0.002963427919894457,POSITIVE
Panda_Vivo Y71,"sebenarnya udah malas belanja di lazada karena udah ga ada gratis ongkir apalagi diskon, cuma di toko ini harganya miring ya lumayanlah rekomendasi banget deh di toko ini",2026-02-28 00:00:00,1,0.9891887903213501,0.003138231346383691,0.00767294829711318,POSITIVE
Panda_Vivo Y71,"alhamdulillah barangnya sudah keterima barangnya bagus pengiriman cepat barangnya semua baru baru, segel, dan bergaransi, kapasitas baterai 3360mah, kurirnya baik dan ramah makasih lazada semoga bermanfaat amin.",2026-02-24 00:00:00,1,0.9876365065574646,0.010425453074276447,0.0019380839075893164,POSITIVE
Panda_Vivo Y71,hp nya sdh datang makasih lazada dan toko nya,2026-06-17 00:00:00,1,0.367033988237381,0.6300315260887146,0.002934560412541032,NEUTRAL
Panda_Vivo Y71,jangan ragu kalau sayang anak beli disini aja lumayan harga murah kualitas joss buat anak anak oke lah,2026-02-16 00:00:00,1,0.9966698288917542,0.0014479493256658316,0.0018822751007974148,POSITIVE
Panda_Vivo Y71,"aslinya pesen y 55 warna hitam ,tpi yg dtg malah y 66 gold ,tpi gpp barngnya asli vivo dan baru masih segel,semoga awet,syangnya pengiriman seminggu baru nyampe, lamaa banget.",2026-02-19 00:00:00,1,0.22053872048854828,0.07356378436088562,0.7058975100517273,NEGATIVE
Panda_Vivo Y71,"kamera belakang 13mp dengan lampu kilat, pelindung kaca gorilla glass 3, kapasitas baterai 3360mah,",2026-02-16 00:00:00,1,0.019520476460456848,0.979771077632904,0.0007084872340783477,NEUTRAL
Panda_Vivo Y71,paket telah mendarat dengan aman dan cocok sesuai pesanan dan sesuai gambar,2025-07-02 00:00:00,1,0.4615759551525116,0.5356715321540833,0.0027525753248482943,NEUTRAL
Panda_Vivo Y71,kemudahan penggunaan:,2025-06-18 00:00:00,1,0.7237319946289062,0.27330461144447327,0.002963427919894457,POSITIVE
Panda_Vivo Y71,maaf baru kasih ulasan paket sudah sampai sellernya amanah dan responnya cepat terima kasih semoga awet cuma belum di coba,2026-02-07 00:00:00,1,0.8680247664451599,0.09486325830221176,0.0371120385825634,POSITIVE
Panda_Vivo Y71,"hp mendarat dgn selamat hp nya juga bagus mulus g ada cacat pengirimannya jg cepat tp aga kecewa minta warna merah yg dikirim gold trs pas dicoba pake sim card,sinyal datanya g muncul.. tp yaudhlah",2026-02-12 00:00:00,1,0.00504640256986022,0.004066126886755228,0.9908875226974487,NEGATIVE
Panda_Vivo Y71,tks banyak sudah saya terima paketnya,2026-06-17 00:00:00,1,0.11918268352746964,0.8783911466598511,0.002426229417324066,NEUTRAL
Panda_Vivo Y71,"produk yang dikirimkan masih bagus dan masih tersegel semoga kualitasnya pun bagus kapasitas baterai 3360mah,",2026-02-06 00:00:00,1,0.9493507146835327,0.03342939913272858,0.017219899222254753,POSITIVE
Panda_Vivo Y71,"bagus, like new, namun tidak rekomendasi bagi anak² yang bisa bermain game sambil di charge.. sesuai ekspektasi",2026-02-05 00:00:00,1,0.03164687007665634,0.05146457999944687,0.9168885946273804,NEGATIVE
Panda_Vivo Y71,maaf baru di ulas.barangny bagus dan normal semoga awet dan tahan lama.,2025-06-19 00:00:00,1,0.9701455235481262,0.017731964588165283,0.012122418731451035,POSITIVE
Panda_Vivo Y71,"baru, segel, dan bergaransi, barang yang datang sesuai dengan yang dipromosikan.",2026-01-24 00:00:00,1,0.05470132455229759,0.937798261642456,0.007500371430069208,NEUTRAL
Panda_Vivo Y71,kemudahan penggunaan:,2025-06-23 00:00:00,1,0.7237319946289062,0.27330461144447327,0.002963427919894457,POSITIVE
Panda_Vivo Y71,"mantap, udah pesan 2x aman, semoga terus amanah,, dan awett",2025-06-19 00:00:00,1,0.9934998750686646,0.005222455598413944,0.0012776933144778013,POSITIVE
Panda_Vivo Y71,"barang sesuai pengiriman cepat,tokonya amanah sukses selalu penjual yang baik",2026-02-12 00:00:00,1,0.9894018769264221,0.009684627875685692,0.0009135286090895534,POSITIVE
Panda_Vivo Y71,"alhamdulillah pesanan sampai dalam waktu yang pas, untung untungan sih, kadang datang hp nya mati gak ada baterai..",2026-01-11 00:00:00,1,0.9948201179504395,0.0028554212767630816,0.0023243441246449947,POSITIVE
Panda_Vivo Y71,"desain bodi aluminium, pelindung kaca gorilla glass 3,",2026-01-05 00:00:00,1,0.004356111865490675,0.9950587749481201,0.000585154804866761,NEUTRAL
Panda_Vivo Y71,"kapasitas baterai 3360mah, kamera belakang 13mp dengan lampu kilat, desain bodi aluminium,",2026-01-14 00:00:00,1,0.025929192081093788,0.9733720421791077,0.0006987848901189864,NEUTRAL
Panda_Vivo Y71,"alhamdulillah pesanan saya sudah saya terima. aaf baru bisa memberikan ulasannya. barang gress masih di segel, dan sesuai pesanan. cukup puas dengan harga sangat murah dapat hp vivo",2025-12-28 00:00:00,1,0.9956094622612,0.0024357216898351908,0.0019548777490854263,POSITIVE
Panda_Vivo Y71,"semua ok . pesen hitam datang putih . tapi ndak apa apa . lumayan harga segitu . staff baik sekali dan ramah . maksih seller , baru, segel, dan bergaransi,",2025-12-28 00:00:00,1,0.989296019077301,0.007133821491152048,0.0035702392924576998,POSITIVE
Panda_Vivo Y71,barang nya udah sampai sesuai pesanan reselles nya amanah peking nya rapi kurir nya juga ramah makasih banyak semua nya aku pasti akan berlangganan di sini,2025-12-30 00:00:00,1,0.9915691018104553,0.007488979492336512,0.0009419307461939752,POSITIVE
Panda_Vivo Y71,bagus kk hp ya lumayan lah harga sgtu buat jualan online ayam geprek saya nti klau smpet saya kirim video ya..maaf y kk baru kirim ulasan ya..makasih,2025-12-26 00:00:00,1,0.4071638286113739,0.5445562601089478,0.04828000068664551,NEUTRAL
Panda_Vivo Y71,"baik sesuai orderan.mkshkapasitas baterai 3360mah, kamera belakang 13mp dengan lampu kilat,",2026-01-09 00:00:00,1,0.45105186104774475,0.5459820628166199,0.002966071479022503,NEUTRAL
Panda_Vivo Y71,"kapasitas baterai 3360mah, baru, segel, dan bergaransi, desain bodi aluminium, pelindung kaca gorilla glass 3,",2025-12-25 00:00:00,1,0.008236639201641083,0.9910107851028442,0.0007524859975092113,NEUTRAL
Panda_Vivo Y71,sangat memuaskan dengan harga yg sngat terjangkau barang sesusi gk ada lecet.y sama sekali jadi jngan ragu..,2025-12-24 00:00:00,1,0.9889129996299744,0.004325047601014376,0.006761906668543816,POSITIVE
Panda_Vivo Y71,makasih byk lazada barang utuh gk ada yg kurang..mkasih tokoya amanah.. lain waktu beli lagi,2025-12-27 00:00:00,1,0.9878010749816895,0.010263461619615555,0.0019354956457391381,POSITIVE
Panda_Vivo Y71,"kamera belakang 13mp dengan lampu kilat, baru, segel, dan bergaransi, kapasitas baterai 3360mah,",2025-12-25 00:00:00,1,0.016392037272453308,0.98243248462677,0.001175486366264522,NEUTRAL
Panda_Vivo Y71,"sesuai pesanan mkshbaru, segel, dan bergaransi,",2025-12-24 00:00:00,1,0.23032084107398987,0.7629884481430054,0.006690673530101776,NEUTRAL
Panda_Vivo Y71,terimakasi utk toko nya yg amanah. kmi sagat puas dgn kualitas nya yg sagat bagus utk lazada terimakasi.,2025-12-02 00:00:00,1,0.9875296354293823,0.010721193626523018,0.0017491672188043594,POSITIVE
Panda_Vivo Y71,trimakasih barang sesuai pesanan.lain kali beli lagi di sini karna tokonya amanah,2025-12-31 00:00:00,1,0.897749125957489,0.09976769238710403,0.0024831381160765886,POSITIVE
Panda_Vivo Y71,"thanks seller dan lazada paket sesuai pesanan, mudah 2 an awet hpnya",2026-01-27 00:00:00,1,0.9921365976333618,0.007100552320480347,0.000762862735427916,POSITIVE
Panda_Vivo Y71,"pelindung kaca gorilla glass 3, baru, segel, dan bergaransi, bagus terimakasi lazada sm abg kurirnya amanah. maaf bru ngasih ulasan",2025-11-29 00:00:00,1,0.11419527977705002,0.8738469481468201,0.011957907117903233,NEUTRAL
Panda_Vivo Y71,maaf baru kasi ulasan.. soalnya mau di tes dl.. walaupun sempat ada kendala sedikit tpi masih bisa di atasi.. hp nya bagus.. udah sebulan di maenin bocah masih aman2 aja ..mau pesan lagi.. terima kasih.. semoga tokonya berkah..aamiin,2025-11-26 00:00:00,1,0.9180645942687988,0.06194206327199936,0.019993221387267113,POSITIVE
Panda_Vivo Y71,"baru, segel, dan bergaransi, desain bodi aluminium, tokonya amanah,terimakasi bang kurir/lazada,walau ada minesnya toksrinnya retak,tpi engga ngaruh.",2025-11-28 00:00:00,1,0.9550233483314514,0.036115240305662155,0.008861490525305271,POSITIVE
Panda_Vivo Y71,"baru, segel, dan bergaransi, desain bodi aluminium, kamera belakang 13mp dengan lampu kilat, pelindung kaca gorilla glass 3,",2025-11-28 00:00:00,1,0.009196152910590172,0.9898433685302734,0.0009605013183318079,NEUTRAL
Panda_Vivo Y71,"awalnya takut pesan, takut zonk. tapi ternyata barang sesuai pesanan dan aman. terimakasih min.. jaya terus..",2025-11-28 00:00:00,1,0.9752253890037537,0.013177727349102497,0.011596886441111565,POSITIVE
Panda_Vivo Y71,"berpungsi dengan baik mksh baru, segel, dan bergaransi,",2025-12-09 00:00:00,1,0.21084587275981903,0.7848216891288757,0.004332444630563259,NEUTRAL
Panda_Vivo Y71,mantap sekali barang masih baru lan sesuai gambar. yg mau order di toko ini jangan ragu ya,2025-11-29 00:00:00,1,0.9952364563941956,0.003959220368415117,0.0008043671259656549,POSITIVE
Panda_Vivo Y71,"lumayan bagus,cuman pengen yg warna hitam datang malah warna silver,ok gpp semoga awet",2025-12-19 00:00:00,1,0.5011863708496094,0.083721823990345,0.4150918126106262,POSITIVE
Panda_Vivo Y71,kompatibilitas:,2025-11-19 00:00:00,1,0.23600511252880096,0.7453319430351257,0.018662989139556885,NEUTRAL
Panda_Vivo Y71,"alhamdulillah paket datang dengan selamat,ini pesenan ke 2kalinya, tokonya amanah banget sukses terus buat toko ini , terimakasih",2025-11-08 00:00:00,1,0.9878597855567932,0.01106438972055912,0.0010758608113974333,POSITIVE
Panda_Vivo Y71,"pelindung kaca gorilla glass 3, kamera belakang 13mp dengan lampu kilat, desain bodi aluminium,",2025-11-28 00:00:00,1,0.010550434701144695,0.9887638092041016,0.0006857524858787656,NEUTRAL
Panda_Vivo Y71,"penjual amanah, harga murah tapi ga murahan. terima kasih. aku suka.",2025-12-23 00:00:00,1,0.9972867965698242,0.0020373216830193996,0.0006758564268238842,POSITIVE
Panda_Vivo Y71,"berjalan lancar, semoga awet.. pengiriman sangat amat cepat sekalii..",2025-12-13 00:00:00,1,0.9941113591194153,0.004181433003395796,0.0017071767942979932,POSITIVE
Panda_Vivo Y71,"pelindung kaca gorilla glass 3, kapasitas baterai 3360mah,",2025-12-27 00:00:00,1,0.005725878290832043,0.9934085607528687,0.0008655734709464014,NEUTRAL
Panda_Vivo Y71,"pembelian ke 2, ga di sangka pemakaian uda bbrp hari batre uda lemah, uda 2 hari ini ga bs lepas dari casan. sll di cas dl klo mau di pakai. kecewa bgt. stak bgt batre klo uda 88% lngsng mati, pdhl awal nya baik2 aja.",2025-10-11 00:00:00,1,0.0011411443119868636,0.0013612627517431974,0.9974976181983948,NEGATIVE
Panda_Vivo Y71,"alhamdulilah,pesanan sudah datang,dan sesuai sama yg di pesan,terimakasih,untuk semuanya tokonya amanah,dan selernya",2025-10-30 00:00:00,1,0.9724905490875244,0.025664446875452995,0.0018450781935825944,POSITIVE
Panda_Vivo Y71,pesanan sudah saya terima kondisi baik aman tapi sayang saya pesan vivo71 yang datang vivo 55ga sesuai dengan pesan padahal klo ga ada barangnya jangan kirim atau ada pemberitauan barqng tidak ada kan lebih baik,2025-10-27 00:00:00,1,0.07546597719192505,0.0799335241317749,0.8446005582809448,NEGATIVE
Panda_Vivo Y71,mantapp.. berfungsi dgn baik. semoga awett terimakasih,2026-01-03 00:00:00,1,0.9937459230422974,0.004142313729971647,0.002111745998263359,POSITIVE
Panda_Vivo Y71,"desain bodi aluminium, baru, segel, dan bergaransi,",2026-01-06 00:00:00,1,0.009646259248256683,0.9893914461135864,0.0009623494115658104,NEUTRAL
Panda_Vivo Y71,"kamera belakang 13mp dengan lampu kilat, pelindung kaca gorilla glass 3, desain bodi aluminium, baru, segel, dan bergaransi,",2025-10-24 00:00:00,1,0.019014965742826462,0.9800729155540466,0.0009121367475017905,NEUTRAL
Panda_Vivo Y71,kemudahan penggunaan:,2025-10-15 00:00:00,1,0.7237319946289062,0.27330461144447327,0.002963427919894457,POSITIVE
Panda_Vivo Y71,"pelindung kaca gorilla glass 3, baru, segel, dan bergaransi, kamera belakang 13mp dengan lampu kilat, kapasitas baterai 3360mah,",2025-10-17 00:00:00,1,0.00922556221485138,0.9894602298736572,0.001314240857027471,NEUTRAL
Panda_Vivo Y71,"baru, segel, dan bergaransi, pelindung kaca gorilla glass 3, namun silikon plindungnya kekedean gk cocok",2025-10-16 00:00:00,1,0.001205937354825437,0.0041480655781924725,0.9946460723876953,NEGATIVE
Panda_Vivo Y71,"26 10 2025 menyatakan asli hp masih segelbaru, segel, dan bergaransi, pelindung kaca gorilla glass 3, kamera belakang 13mp dengan lampu kilat,",2025-10-16 00:00:00,1,0.002866527996957302,0.9952316880226135,0.001901822630316019,NEUTRAL
Panda_Vivo Y71,"baru, segel, dan bergaransi, toko yg amanah.. alhamdulillah berfungsi dengan baik. sukses trus buat toko nya..mudah mudahan awet dan bermanfaat.",2025-10-13 00:00:00,1,0.9945055842399597,0.004559874534606934,0.0009346190490759909,POSITIVE
Panda_Vivo Y71,hp nya sdh di terima dng aman. batrenya lumayan awet. harga nya juga murah . tp ada syg sedikit. hp nya meskipun ram 6 tp baru pasang beberapa aplikasi sj sudah lemot. kamera kurang jernih. kwalitas sesuai harg.,2025-10-06 00:00:00,1,0.3649207055568695,0.01144977007061243,0.6236295104026794,NEGATIVE
Panda_Vivo Y71,alham dulilah barang udah sapi dan aman makasih lazada.. mantul mantap betull,2025-11-17 00:00:00,1,0.9941294193267822,0.0050922478549182415,0.0007784221088513732,POSITIVE
Panda_Vivo Y71,alhamdulillah paket udah nyampe sesuai dengan pesanan bagus tapi blom di coba sih semoga awet kulir nya baik terima kasih sukses selalu ya bu,2025-09-28 00:00:00,1,0.9787174463272095,0.01674148440361023,0.004540946800261736,POSITIVE
Panda_Vivo Y71,"kamera belakang 13mp dengan lampu kilat, kapasitas baterai 3360mah, pelindung kaca gorilla glass 3,",2025-09-20 00:00:00,1,0.020693108439445496,0.9786002039909363,0.0007067725528031588,NEUTRAL
Panda_Vivo Y71,durability:,2025-09-28 00:00:00,1,0.4163072407245636,0.5056015849113464,0.07809124141931534,NEUTRAL
Panda_Vivo Y71,"barang oke sesuai pesanan dan sudah dicoba normbaru, segel, dan bergaransi, al semua mudaha mudahan awet makasih seller dan juga kurirnya pokonya okelahkapasitas baterai 3360mah,",2025-10-03 00:00:00,1,0.9923111200332642,0.006500083953142166,0.0011888641165569425,POSITIVE
Panda_Vivo Y71,"barang ok kwalitas ngk kalah dg vivo yang mahalkapasitas baterai 3360mah,",2025-10-03 00:00:00,1,0.4493631422519684,0.07563985139131546,0.47499707341194153,NEGATIVE
Panda_Vivo Y71,"barang sudah sampai cepet banget mudah mudahan pas dipakai gak bermasalah dan awet, terimakasih ka",2025-10-16 00:00:00,1,0.9675363898277283,0.029933279380202293,0.002530305413529277,POSITIVE
Panda_Vivo Y71,kemudahan penggunaan:,2025-10-01 00:00:00,1,0.7237313389778137,0.273305207490921,0.002963426522910595,POSITIVE
Panda_Vivo Y71,paket sudah diterima. kondisi retak bagian atas dan tidak pakai plastik depan yg ada kertas hijaunya seperti yg sudah sudah saya beli. tapi tidak apa apa lah kalau memang ini bukan rejeki saya. moga lain waktu dipilihkan yg bukan / mungkin returan. terimakasih buat toko juga jasa pengirimannya.,2025-10-01 00:00:00,1,0.8443884253501892,0.040326740592718124,0.11528481543064117,POSITIVE
Panda_Vivo Y71,"dari dusbuknya sih baru, tapi hpnya second . sudah order kesekian kalinya tambah parah",2025-10-27 00:00:00,1,0.0006323963170871139,0.001876757014542818,0.9974908828735352,NEGATIVE
Panda_Vivo Y71,"kapasitas baterai 3360mah, pelindung kaca gorilla glass 3, sayang kamera belakang nya rusak",2026-03-07 00:00:00,1,0.0071405041962862015,0.9532824158668518,0.039577141404151917,NEUTRAL
Panda_Vivo Y71,terimakasih paket datang dengan selamat semuanya bagus terimakasih,2025-11-12 00:00:00,1,0.9907930493354797,0.006757700815796852,0.002449224703013897,POSITIVE
Panda_Vivo Y71,kemudahan penggunaan:,2025-11-14 00:00:00,1,0.7237313389778137,0.273305207490921,0.002963426522910595,POSITIVE
Panda_Vivo Y71,"barang datang dengan baik,respon penjual oc, semoga hppnya awet bisa buat langganan",2025-10-29 00:00:00,1,0.9839904308319092,0.014510523527860641,0.0014990251511335373,POSITIVE
Panda_Vivo Y71,bintang yang bicara.. berpungsi semoga awet,2025-12-21 00:00:00,1,0.7562785148620605,0.24025273323059082,0.003468690440058708,POSITIVE
Panda_Vivo Y71,kemudahan penggunaan:,2025-09-21 00:00:00,1,0.7237313389778137,0.273305207490921,0.002963426522910595,POSITIVE
Panda_Vivo Y71,"alhamdulillah paket udah sampai dn hasilnya memuaskan sesuai dengan apa yg di pesan, pengirimannya juga cepat.",2025-09-25 00:00:00,1,0.9945606589317322,0.004851226229220629,0.0005880706012248993,POSITIVE
Panda_Vivo Y71,"penampilannya oke berfungsi normal, dg harga yg terjangkau bisa mendapatkan ponsel yg bagus, trimakasih",2025-09-24 00:00:00,1,0.7243318557739258,0.2580278217792511,0.017640380188822746,POSITIVE
Panda_Vivo Y71,"pelindung kaca baru, segel, dan bergaransi, gorilla glass 3, baru, segel, dan bergaransi,",2025-10-09 00:00:00,1,0.004056386649608612,0.9946858882904053,0.0012576879234984517,NEUTRAL
Panda_Vivo Y71,"desain bodi aluminium, pelindung kaca gorilla glass 3,",2025-12-02 00:00:00,1,0.004356113728135824,0.9950587749481201,0.0005851539899595082,NEUTRAL
Panda_Vivo Y71,"sangat puas,barang sesuai pesanan. mksh ka",2025-12-19 00:00:00,1,0.9894062876701355,0.009446784853935242,0.0011469456367194653,POSITIVE
Panda_Vivo Y71,"mantaab lah hp baru masih segel, tapi agak ringan si sesuai lah dengan harga segitu,charger juga ga ori,tapi semoga awet wet wet.. baru, segel, dan bergaransi, nanti order lg dah",2025-09-17 00:00:00,1,0.9904306530952454,0.0045989686623215675,0.00497030932456255,POSITIVE
Panda_Vivo Y71,terimakasih kak seler lazada juga kurir nya yg amanah dan pada baik paket nya sesuai yg d harapkan saya sangat suka,2025-09-15 00:00:00,1,0.9955564141273499,0.003741341643035412,0.0007021698984317482,POSITIVE
Panda_Vivo Y71,"alhamdulillah barang sesuai pesanan seller amanah sangat amanah pokonya mau beli lagi nex kamera belakang 13mp dengan lampu kilat, baru, segel, dan bergaransi,",2025-09-13 00:00:00,1,0.7850425243377686,0.21022149920463562,0.004735972266644239,POSITIVE
Panda_Vivo Y71,br sempet review pengiriman cepat barang mulus kelangkapan oke fungsi normal cukup puas dengan pelayanan kurir dan toko,2025-09-19 00:00:00,1,0.983254611492157,0.014230185188353062,0.0025153004098683596,POSITIVE
Panda_Vivo Y71,"kapasitas baterai 3360mah, desain bodi aluminium, pelindung kaca gorilla glass 3, baru, segel, dan bergaransi,",2025-09-15 00:00:00,1,0.015112833119928837,0.9839390516281128,0.0009480572771281004,NEUTRAL
Panda_Vivo Y71,"alhamdulillah.. sudah sampai di lokasi kecamatan pakis kabupaten malang.. paket belum di buka.. masih di simpan dulu karena belum di pakai sekarang.. pengiriman: ngeri.. cepat bgt , jkt - kab. malang cuma 2 hari , biasanya standart 3 - 4 hari.. orang masih nyuci ehh..tau"" datang paketnya.., yang jualan pinter.. harga di murah in di kasih diskon+ lazkoin.., 202.500 rupiah lohh.. dapet nya..hp canggih..ram gede.. alhamdulillah makasih seller.. manteb.. mudah ""an berkah usaha lancar.. ingat sholat 5 waktu.. makasih juga buat lazada.. lazada oke",2025-09-15 00:00:00,1,0.9945691823959351,0.002347473055124283,0.003083297749981284,POSITIVE
Panda_Vivo Y71,"kapasitas baterai 3360mah, pelindung kaca gorilla glass 3, pelindung kaca gorilla glass 3, kamera belakang 13mp dengan lampu kilat,",2025-09-15 00:00:00,1,0.021175920963287354,0.977961003780365,0.0008630561060272157,NEUTRAL
Panda_Vivo Y71,"baru, segel, dan bergaransi, desain bodi aluminium, kapasitas baterai 3360mah,",2025-10-17 00:00:00,1,0.0071257296949625015,0.9919416904449463,0.0009325144928880036,NEUTRAL
Panda_Vivo Y71,"sudah diterima paketnya vivo y71..kondisi hidup..semoga awet..terimakasih, toko amanah..",2025-09-12 00:00:00,1,0.36676251888275146,0.6301221251487732,0.0031154046300798655,NEUTRAL
Panda_Vivo Y71,"baru, segel, dan bergaransi, kamera belakang 13mp dengan lampu kilat, kapasitas baterai 3360mah, pelindung kaca gorilla glass 3, desain bodi aluminium,",2025-09-08 00:00:00,1,0.015011747367680073,0.9840223789215088,0.0009658775525167584,NEUTRAL
Panda_Vivo Y71,"desain bodi aluminium, baru, segel, dan bergaransi moga awet, ini lagi di pake ngetik bagus lah",2025-09-25 00:00:00,1,0.9943813681602478,0.003977113403379917,0.001641546143218875,POSITIVE
Panda_Vivo Y71,"desain bodi aluminium, kamera belakang 13mp dengan lampu kilat, pelindung kaca gorilla glass 3,",2025-09-13 00:00:00,1,0.01054682768881321,0.9888383150100708,0.0006149132968857884,NEUTRAL
Panda_Vivo Y71,"baru, segel, dan bergaransi, kamera belakang 13mp dengan lampu kilat, desain bodi aluminium,",2025-09-19 00:00:00,1,0.007893422618508339,0.9911462664604187,0.0009603078942745924,NEUTRAL
Panda_Vivo Y71,terimakasih banyak ya boss,2025-12-27 00:00:00,1,0.7267003059387207,0.2641838490962982,0.009115798398852348,POSITIVE
Panda_Vivo Y71,bagus.. normal mantab lah pokok nya.. seller top.. keri keri keri..,2025-10-16 00:00:00,1,0.9975225329399109,0.001635472639463842,0.0008420325466431677,POSITIVE
Panda_Vivo Y71,"baru, segel, dan bergaransi, pelindung kaca gorilla glass 3, terima kasih",2025-10-11 00:00:00,1,0.003035800065845251,0.9950332641601562,0.0019310277421027422,NEUTRAL
Panda_Vivo Y71,"baru, segel",2026-01-12 00:00:00,1,0.0040680523961782455,0.9809679388999939,0.014964094385504723,NEUTRAL
Panda_Vivo Y71,sudah d terima dngan utuh..dan barang lumayan lah dngan harga segitu..,2026-03-09 00:00:00,1,0.9698922634124756,0.013790305703878403,0.016317449510097504,POSITIVE
Panda_Vivo Y71,"paket tlah tiba dan yang kedua kalinya,,kurir ramah dan amanah sukses selalu",2025-10-06 00:00:00,1,0.9662687182426453,0.032803602516651154,0.0009275917545892298,POSITIVE
Panda_Vivo Y71,"kapasitas baterai 3360mah, baru, segel, dan bergaransi,",2025-10-18 00:00:00,1,0.013976966962218285,0.9846599698066711,0.0013630116591230035,NEUTRAL
Panda_Vivo Y71,mohon di tindak lanjuti return nya.. karena barang hp tdk sesuai.. tdk bisa di pakai tdk ada jaringan,2026-01-22 00:00:00,1,0.0012522615725174546,0.07446497678756714,0.9242827296257019,NEGATIVE
Panda_Vivo Y71,"alhamdulillah sampenya cepet banget tribaru, segel, dan bergaransi, maakasih ka respon sellernya juga cepet",2025-08-22 00:00:00,1,0.9880161881446838,0.010883549228310585,0.0011003080289810896,POSITIVE
Panda_Vivo Y71,kak kenapa gak ada sinyal nya,2026-06-10 00:00:00,1,0.002531850477680564,0.4776429831981659,0.5198251605033875,NEGATIVE
Panda_Vivo Y71,agak lemot mungkin karena harganya murah jadi sesuai sama harga yg penting bisa nyala,2025-09-15 00:00:00,1,0.19781680405139923,0.02205435372889042,0.7801287770271301,NEGATIVE
Panda_Vivo Y71,barang sesuai amanah,2025-12-19 00:00:00,1,0.9882122874259949,0.009069062769412994,0.002718724310398102,POSITIVE
Panda_Vivo Y71,"baru, segel, dan bergaransi, kamera belakang 13mp dengan lampu kilat,",2025-09-30 00:00:00,1,0.005108110141009092,0.9930909872055054,0.0018008691258728504,NEUTRAL
Panda_Vivo Y71,sedikit kecewa minta warna putih yg dikirim hitam mdh2an tdk ada kendala,2025-10-01 00:00:00,1,0.0020602308213710785,0.003303257981315255,0.9946364760398865,NEGATIVE
Panda_Vivo Y71,mantap makasi,2025-12-30 00:00:00,1,0.9954916834831238,0.003650577971711755,0.0008577979751862586,POSITIVE
Panda_Vivo Y71,"desain bodi aluminium, kamera belakang 13mp dengan lampu kilat,",2025-10-11 00:00:00,1,0.00907627772539854,0.9903523325920105,0.0005713528953492641,NEUTRAL
Panda_Vivo Y71,"semua dalam keadaan bagus speaker, kamera oke moga aja awet",2025-10-15 00:00:00,1,0.9875617027282715,0.010401609353721142,0.0020366276148706675,POSITIVE
Panda_Vivo Y71,"baru, segel, dan bergaransi, tapi knp y ini pas mo buat tlp vc,atau kirim pesan suara,g da suara y, mikrofon y jlk,g ada suara y sm sx,tp klo buat youtube ada,buat rekam suara pun g jln denyut y awal buka baik semua,pas mo wa,vc g da suara",2026-01-08 00:00:00,1,0.016361961141228676,0.1809518188238144,0.8026862144470215,NEGATIVE
Panda_Vivo Y71,hp y ok . ga kecewa blnja di toko ini. trmksih,2025-11-13 00:00:00,1,0.9795404672622681,0.018875937908887863,0.001583673758432269,POSITIVE
Panda_Vivo Y71,"baru, segel, dan bergaransi, order yang ke 2 barang sesuai deskripsi, pengiriman cepat",2025-09-11 00:00:00,1,0.044306475669145584,0.9527755975723267,0.002917836420238018,NEUTRAL
Panda_Vivo Y71,"baru, segel, dan bergaransi, pelindung kaca gorilla glass 3,",2025-10-08 00:00:00,1,0.0026917599607259035,0.9956745505332947,0.001633664476685226,NEUTRAL
Panda_Vivo Y71,"very recommended seller. produk sesuai deskripsi, produk baru segel box, proses cepat, aman sampai di tempat saya. sangat puas, mau pesan lagi nanti.. terimakasih",2025-07-12 00:00:00,1,0.9968298077583313,0.002092658309265971,0.0010775374248623848,POSITIVE
Panda_Vivo Y71,"baru, segel, dan bergaransi, pelindung kaca gorilla glass 3,",2025-10-02 00:00:00,1,0.0026917599607259035,0.9956745505332947,0.001633664476685226,NEUTRAL
Panda_Vivo Y71,hp nya bagus amanah penjualan nya semoga lancar trus,2025-10-13 00:00:00,1,0.9937682151794434,0.004843789152801037,0.001388090313412249,POSITIVE
Panda_Vivo Y71,"kapasitas baterai 3360mahpelindung kaca gorilla glass 3, , 6",2025-09-25 00:00:00,1,0.0018168797250837088,0.9974007606506348,0.0007823280175216496,NEUTRAL
Panda_Vivo Y71,oke mantul paket berfungsi dgn baik tidak ada kendala..smoga awet..recomended poko na mah hehe..trima kasih bos kuh,2025-07-22 00:00:00,1,0.9813313484191895,0.016437897458672523,0.0022308174520730972,POSITIVE
Panda_Vivo Y71,belum dicoba..kok restart terus ya,2025-11-01 00:00:00,1,0.0010714736999943852,0.24297617375850677,0.7559523582458496,NEGATIVE
Panda_Vivo Y71,"pokoke mantaplah tokonya..makasih banyak, sangat amanah..",2025-09-15 00:00:00,1,0.995608389377594,0.003039986127987504,0.0013516178587451577,POSITIVE
Panda_Vivo Y71,"sesuai pesanan, toko nya terpecaya, pengirimannya cpt , dpt hrg murah, hp nya bagus dan msh mulus, alhamdulillah nyala dan aman. ga tau ini hp bekas atw br ya soalnya di dlm dus cm ada charger sm hp aja. uda gitu batre hp nya uda 100% aja. semoga awet. thanks buat toko dan kurir nya. maaf video nya ga bs terpasang saat buka paket.",2025-07-12 00:00:00,1,0.9488257169723511,0.03038804419338703,0.020786207169294357,POSITIVE
Panda_Vivo Y71,"dah biar bintang yg berbicara..tetap amanah om,lancar jaya.aamiin",2025-09-10 00:00:00,1,0.9710222482681274,0.026518916711211205,0.002458905801177025,POSITIVE
Panda_Vivo Y71,"baru, segel, dan bergaransi, desain bodi aluminium, mantap",2025-09-12 00:00:00,1,0.9769326448440552,0.022361459210515022,0.0007058717310428619,POSITIVE
Panda_Vivo Y71,"hp sudah sampe dan telah ku coba lumayan, dengan harga sangat murah makasih seler dan makasih buat kurirnya.",2025-07-10 00:00:00,1,0.9927491545677185,0.006338028237223625,0.0009128022938966751,POSITIVE
Panda_Vivo Y71,"baru, segel, dan bergaransi, kapasitas baterai 3360mah, terimakasih",2025-09-11 00:00:00,1,0.0062513030134141445,0.9913091659545898,0.00243952265009284,NEUTRAL
Panda_Vivo Y71,ya bagus membantu,2025-11-23 00:00:00,1,0.9871184825897217,0.007607507519423962,0.005273978225886822,POSITIVE
Panda_Vivo Y71,mantap alhamdulillah,2025-09-26 00:00:00,1,0.9961756467819214,0.0030208160169422626,0.0008034732309170067,POSITIVE
Panda_Vivo Y71,"pengiriman lumayan cepat, pesan hp warna hitam di kirim warna putih.. tpi ada kendala nih,, di pasang kartu gak ada sinyal, terus restart mulu..",2026-06-10 00:00:00,1,0.001157684251666069,0.027965284883975983,0.9708770513534546,NEGATIVE
Panda_Vivo Y71,"barang oce,trimakasih semuanya yg terlibat.trimakasih",2025-09-15 00:00:00,1,0.24751651287078857,0.7220896482467651,0.03039378859102726,NEUTRAL
Panda_Vivo Y71,hapenyasi baru luarnya aja dalemnyasi rongsok jualan apa mau nipu konsumen kecewa saya booss,2025-12-19 00:00:00,1,0.0006607173709198833,0.001313200336880982,0.9980260729789734,NEGATIVE
Panda_Vivo Y71,"packing nya rapih dan aman, pengiriman cepat barang dalam kondisi bagus dan original dan lengkap",2025-07-05 00:00:00,1,0.9935153722763062,0.005866155494004488,0.0006184536614455283,POSITIVE
Panda_Vivo Y71,durability:,2025-09-03 00:00:00,1,0.4163072407245636,0.5056014060974121,0.0780913308262825,NEUTRAL
Panda_Vivo Y71,"alhamdulillah mendarat dengan selamat,",2025-09-30 00:00:00,1,0.8604297041893005,0.13801151514053345,0.0015587895177304745,POSITIVE
Panda_Vivo Y71,hp nyah ga bisa pasang wahtsp,2025-10-03 00:00:00,1,0.0006685994449071586,0.029070507735013962,0.9702609181404114,NEGATIVE
Panda_Vivo Y71,kemudahan penggunaan:,2025-09-12 00:00:00,1,0.7237319946289062,0.27330461144447327,0.002963427919894457,POSITIVE
Panda_Vivo Y71,mantaptoko terpercaya bagi saya..semoga sukses..amanah truus ya,2025-07-03 00:00:00,1,0.9901100993156433,0.008877865970134735,0.0010120284277945757,POSITIVE
Panda_Vivo Y71,kemudahan penggunaan:,2026-04-17 00:00:00,1,0.7237319946289062,0.27330461144447327,0.002963427919894457,POSITIVE
Panda_Vivo Y71,"baru, segel, dan bergaransi, kamera belakang 13mp dengan lampu kilat, cuma warna tdk sesuai dengan pesanan, smg awet,pengiriman cpt, sayang produk tidak berfungsi sprt pada umumnya, kecewa",2025-10-10 00:00:00,1,0.004791378974914551,0.002025379566475749,0.9931831955909729,NEGATIVE
Panda_Vivo Y71,maksi jos tapì blom d buka,2025-09-09 00:00:00,1,0.04638131335377693,0.6830494403839111,0.2705692648887634,NEUTRAL
Panda_Vivo Y71,pesanan cepat belum di buka mudah2an sesuai,2025-08-06 00:00:00,1,0.844864547252655,0.14593078196048737,0.009204577654600143,POSITIVE
Panda_Vivo Y71,barangnya sudah sampai dengan selamat terima kasih?,2025-07-13 00:00:00,1,0.36731186509132385,0.6245442032814026,0.008143960498273373,NEUTRAL
Panda_Vivo Y71,hp rusak tidak bisa hidup meski seharian di cas,2026-01-02 00:00:00,1,0.0005515981465578079,0.010756601579487324,0.9886918067932129,NEGATIVE
Panda_Vivo Y71,"kamera belakang 13mp dengan lampu kilat, pelindung kaca gorilla glass 3, desain bodi aluminium,",2026-03-26 00:00:00,1,0.01269754208624363,0.9866568446159363,0.0006456164410337806,NEUTRAL
Panda_Vivo Y71,"kamera belakang 13mp dengan lampu kilat, kapasitas baterai 3360mah, baru, segel, dan bergaransi, baru, segel, dan bergaransi, pelindung kaca gorilla glass 3,",2026-02-28 00:00:00,1,0.014545271173119545,0.9842996597290039,0.0011550282360985875,NEUTRAL
Panda_Vivo Y71,"sangat puas,toko yg amanah",2025-08-14 00:00:00,1,0.9949775338172913,0.004008277785032988,0.001014110748656094,POSITIVE
Panda_Vivo Y71,kemudahan penggunaan:,2026-03-06 00:00:00,1,0.7237319946289062,0.27330461144447327,0.002963427919894457,POSITIVE
Panda_Vivo Y71,blm d cek batre kosong sdng d isi baterai,2025-07-11 00:00:00,1,0.002327508991584182,0.7960710525512695,0.20160149037837982,NEUTRAL
Panda_Vivo Y71,"gimana ya kok gak ada sinyal, batrenya habis gk bisa di cas lagi",2026-06-10 00:00:00,1,0.0011722862254828215,0.029120244085788727,0.9697074890136719,NEGATIVE
Panda_Vivo Y71,"hpnya sih lumayan kalau harga murah mah.kalau ingin bagud,ya memang pasti dananya jg gde.sebenarnya banyak keluhannya,tapi aku tak mau memberikan ulasan jlek,kasihan sellernya",2025-09-12 00:00:00,1,0.007064125966280699,0.000909604539629072,0.9920262694358826,NEGATIVE
Panda_Vivo Y71,kualitas bagus sesuai pesanan,2025-07-05 00:00:00,1,0.9958221912384033,0.0030363097321242094,0.0011414766777306795,POSITIVE
Panda_Vivo Y71,sesuai pesanan smoga awet,2025-07-23 00:00:00,1,0.9920023679733276,0.006693934090435505,0.0013036844320595264,POSITIVE
Panda_Vivo Y71,barang ok ..tpi blm pakai,2025-07-23 00:00:00,1,0.036442793905735016,0.6905973553657532,0.2729599177837372,NEUTRAL
Panda_Vivo Y71,"baru, segel, tp baterai cepat hangat. untuk saat ini aman semoga awet. terimakasih sesuai estimasi.",2026-02-10 00:00:00,1,0.6355971097946167,0.33725637197494507,0.027146579697728157,POSITIVE
Panda_Vivo Y71,"kamera belakang 13mp dengan lampu kilat, baru, segel, dan bergaransi, pengiriman barang tepat waktu dan kemasan rapi",2026-02-12 00:00:00,1,0.7763384580612183,0.22172485291957855,0.0019367412896826863,POSITIVE
Panda_Vivo Y71,"maap baru ngasih ulasan.buat yang punya bajet minim,jangan ragu beli di toko ini,murah meriah,pesanan sesuai.kelengkapan pulset,dan berpungsi dengan baik,nyaman di pake sehari hari.seler nya ramah,kulir ramah,mantap pokok nya.",2026-02-07 00:00:00,1,0.9983945488929749,0.0010202389676123857,0.0005852026515640318,POSITIVE
Panda_Vivo Y71,"mantap sesuai pesanan packing'a jga rapih aman,,toko jga amanah keren dah",2025-10-03 00:00:00,1,0.9969198703765869,0.0025110659189522266,0.0005691282567568123,POSITIVE
Panda_Vivo Y71,"baru, segel, dan bergaransi, bagus n worth it",2026-06-10 00:00:00,1,0.9904905557632446,0.006984886713325977,0.00252455729059875,POSITIVE
Panda_Vivo Y71,alhamdulillah masih di segel joss tokonya amanah jg di ragukan,2025-10-11 00:00:00,1,0.9694172739982605,0.015203500166535378,0.015379156917333603,POSITIVE
Panda_Vivo Y71,barang nya lumayan sesuai kbutuhan.. untuk sehari hari,2026-04-16 00:00:00,1,0.9938346147537231,0.0046255458146333694,0.001539860269986093,POSITIVE
Panda_Vivo Y71,oke batere kosong isi full baru bisa digunakan dengan harga segini lumayan buat youtube anak2,2026-01-31 00:00:00,1,0.8680797815322876,0.0565941259264946,0.075326107442379,POSITIVE
Panda_Vivo Y71,minta hitam datang putih,2025-12-10 00:00:00,1,0.019664669409394264,0.05043033882975578,0.9299049973487854,NEGATIVE
Panda_Vivo Y71,real pick toko nya amanah..,2026-06-17 00:00:00,1,0.9632212519645691,0.03535831719636917,0.0014205087209120393,POSITIVE
Panda_Vivo Y71,"pelindung kaca gorilla glass 3, baru, segel, dan bergaransi, sempet was 2 tp alhamdulillah seller amanah.smga berfungsi dgn baik.recomend ya",2026-01-03 00:00:00,1,0.9400650262832642,0.057650305330753326,0.0022847128566354513,POSITIVE
Panda_Vivo Y71,ternyata ini replika toh..ini gx asli.mati nyala mati nyala terus.gpp ttp kasih* 5,2026-02-04 00:00:00,1,0.0021180210169404745,0.04050670936703682,0.9573752284049988,NEGATIVE
Panda_Vivo Y71,"pengiriman tgl 25 juni dan tiba tgl 8 juli, biasanya 2-3 hari sdh nyampe, sangat mengecewakan untuk pengiriman. penjual mantap, gercep",2025-07-08 00:00:00,1,0.021874429658055305,0.0017470745369791985,0.9763785600662231,NEGATIVE
Panda_Vivo Y71,alkamdulillah dah nyampai hpnya masih segelan . semoga semua ok . karena harganya super murah entah itu stock lama atau rakitan semoga baik baik saja . sempet ragu. pesen dua semua sampai . makasih seller,2025-12-28 00:00:00,1,0.9779579043388367,0.010176006704568863,0.011866051703691483,POSITIVE
Panda_Vivo Y71,"desain bodi aluminium, pelindung kaca gorilla glass 3, alhamdulillah pesanan sampai dan sudah diambil sama teman, pertama di kirim baterai nya lowbat, sempat kesel tapi berikut nya langsung bisa nyala.. terima kasih",2025-12-26 00:00:00,1,0.1838574856519699,0.735351026058197,0.08079147338867188,NEUTRAL
Panda_Vivo Y71,"kamera belakang 13mp dengan lampu kilat, baru, segel, dan bergaransi, pelindung kaca gorilla glass 3, 8, alhamdulillah terus amanah biar berkah",2025-12-26 00:00:00,1,0.6446369886398315,0.3527662456035614,0.0025967685505747795,POSITIVE
Panda_Vivo Y71,"alhamdulilah, paketnya udah sampai dan barangnya asli dan baru, trimakasi yang punya toko dan lazada sukses selalu",2025-12-18 00:00:00,1,0.9760880470275879,0.022295676171779633,0.001616175752133131,POSITIVE
Panda_Vivo Y71,"mantap tafi nya panik jaringan nya melalui wfi, gatau nya ada pengaturan nya, srkarang fah normal, mamtap, toko nya amanah.",2025-12-18 00:00:00,1,0.21001549065113068,0.4555336833000183,0.3344508707523346,NEUTRAL
Panda_Vivo Y71,"tampilan bagus sekali,kualitas kurang baik, awalnya baik setelah lama nyala hp panas langsung hilang,",2025-12-13 00:00:00,1,0.004453746601939201,0.0013222480192780495,0.9942240118980408,NEGATIVE
Panda_Vivo Y71,"barang datang sesuai pesan pengirimannya cepat. kapasitas baterai 3360mah, pelindung kaca gorilla glass 3, baru, segel, dan bergaransi, makasih seller udah amanah makasih juga buat lazada mas kurirnya",2025-12-08 00:00:00,1,0.946406900882721,0.051113560795784,0.0024796095676720142,POSITIVE
Panda_Vivo Y71,"hpnya sudah sampai dgn selamat, kurirnya ramah dan ikut bantu buatkan video unboxing, meskipun hpnya keluaran 2019 tapi masih baru disegel dan bagus sesuai pesanan vivo y66,terima kasih seller sudah amanah",2025-12-10 00:00:00,1,0.9659050107002258,0.0325654111802578,0.0015295841731131077,POSITIVE
Panda_Vivo Y71,bagus ade saya suka,2025-12-12 00:00:00,1,0.9953718781471252,0.003880455158650875,0.0007476738537661731,POSITIVE
Panda_Vivo Y71,"baru, segel dan berfungsi dengan baik cuma pengisian baterai cukup lama selebihnya oke",2026-01-11 00:00:00,1,0.37386175990104675,0.4412544369697571,0.18488378822803497,NEUTRAL
Panda_Vivo Y71,"baru, segel, dan bergaransi, pelindung kaca gorilla glass 3, hp bagus dan murah, terimakasih",2025-12-20 00:00:00,1,0.8556209802627563,0.1386844515800476,0.005694644059985876,POSITIVE
Panda_Vivo Y71,"kamera belakang 13mp dengan lampu kilat, kapasitas baterai 3360mah, baru, segel, dan bergaransi, desain bodi aluminium, pelindung kaca gorilla glass 3,",2025-11-29 00:00:00,1,0.01722174696624279,0.9817963242530823,0.000981965335085988,NEUTRAL
Panda_Vivo Y71,"kapasitas baterai 3360mah, kamera belakang 13mp dengan lampu kilat, baru, segel, dan bergaransi, desain bodi aluminium, pelindung kaca gorilla glass 3,",2025-11-30 00:00:00,1,0.01950637437403202,0.9795077443122864,0.00098588562104851,NEUTRAL
Panda_Vivo Y71,"baru, segel, dan bergaransi, pelindung kaca gorilla glass 3,pelindung kaca gorilla glass 3,",2025-12-14 00:00:00,1,0.003681080648675561,0.9944052696228027,0.0019136301707476377,NEUTRAL
Panda_Vivo Y71,"kamera belakang 13mp dengan lampu kilat, kapasitas baterai 3360mah, pelindung kaca gorilla glass 3, baru, segel, dan bergaransi,",2025-11-18 00:00:00,1,0.023503217846155167,0.9751649498939514,0.0013318420387804508,NEUTRAL
Panda_Vivo Y71,"pelindung kaca gorilla glass 3, desain bodi aluminium, baru, segel, dan bergaransi,",2025-12-20 00:00:00,1,0.005544859915971756,0.9936111569404602,0.0008439876255579293,NEUTRAL
Panda_Vivo Y71,"kapasitas baterai 3360mah, desain bodi aluminium, kamera belakang 13mp dengan lampu kilat,",2025-11-30 00:00:00,1,0.03706115484237671,0.9621244072914124,0.0008144673774950206,NEUTRAL
Panda_Vivo Y71,kemudahan penggunaan:,2025-12-17 00:00:00,1,0.7237319946289062,0.27330461144447327,0.002963427919894457,POSITIVE
Panda_Vivo Y71,"kamera belakang 13mp dengan lampu kilat, baru, segel, dan bergaransi, pelindung kaca gorilla glass 3,",2025-11-02 00:00:00,1,0.008772449567914009,0.9902603030204773,0.0009672567248344421,NEUTRAL
Panda_Vivo Y71,"desain bodi aluminium, pelindung kaca gorilla glass 3, top markotop lah njos gandos pokokee..",2025-11-01 00:00:00,1,0.9707880616188049,0.02813696675002575,0.0010749410139396787,POSITIVE
Panda_Vivo Y71,alhamdulillah paket sudah sampai kemaren sore . sesuai gambar dan sesuai pesanan . toko nya amanah .neks order lagi,2025-11-05 00:00:00,1,0.9488745331764221,0.04734184965491295,0.0037835303228348494,POSITIVE
Panda_Vivo Y71,baik. mudah2an awet,2026-04-02 00:00:00,1,0.9892596006393433,0.0077311075292527676,0.0030093523673713207,POSITIVE
Panda_Vivo Y71,"jangan ragu pilih prodak ini,,brang murah tapi bikan murahankamera belakang 13mp dengan lampu kilat, baru, segel, dan bergaransi,",2025-10-25 00:00:00,1,0.8299582004547119,0.147477388381958,0.022564508020877838,POSITIVE
Panda_Vivo Y71,kompatibilitas:,2025-10-29 00:00:00,1,0.23600511252880096,0.7453319430351257,0.018662989139556885,NEUTRAL
Panda_Vivo Y71,"pelindung kaca gorilla glass 3, desain bodi aluminium, kamera belakang 13mp dengan lampu kilat,",2025-11-13 00:00:00,1,0.012524130754172802,0.986758291721344,0.0007175338105298579,NEUTRAL
Panda_Vivo Y71,"alhamdulillah hp'y sudah mndarat dg slamat dan seller'y amanah semoga berkah, hp'y cantik , putra kcil q pasti suka hadiah ini, semoga berguna untuk bljar nanti, kurir'y jg baik",2025-10-20 00:00:00,1,0.9923703670501709,0.006679242011159658,0.0009504638728685677,POSITIVE
Panda_Vivo Y71,"kapasitas baterai 3360mah, baru, segel, dan bergaransi, desain bodi aluminium, kamera belakang 13mp dengan lampu kilat,",2025-10-23 00:00:00,1,0.025417109951376915,0.9736549258232117,0.0009279809892177582,NEUTRAL
Panda_Vivo Y71,baru tau kalau vivo ada kw nya tapi untuk harga swgitu murah lah terimakasih,2025-12-15 00:00:00,1,0.9830857515335083,0.013480886816978455,0.003433320904150605,POSITIVE
Panda_Vivo Y71,lcd pecah,2025-09-30 00:00:00,1,0.0008656960562802851,0.002849499462172389,0.9962847232818604,NEGATIVE
Panda_Vivo Y71,"barangnya oke banget, baru pokoknya mantap, terima kasih resseler, kurir dan lazada sukses selalu..",2025-10-17 00:00:00,1,0.993923008441925,0.005524414591491222,0.0005525684100575745,POSITIVE
Panda_Vivo Y71,"baru, segel, dan bergaransi, kamera belakang 13mp dengan lampu kilat, mntaap barang orizinal..toko amanh kulir baik udh lngganan..barang istimewa .batrr awett.fengan pemakean wajarr..dipp pokoknya",2025-10-17 00:00:00,1,0.9877091646194458,0.009696997702121735,0.002593780867755413,POSITIVE
Panda_Vivo Y71,"kamera belakang 13mp dengan lampu kilat, pelindung kaca gorilla glass 3, barang terkirim masih baru , kemasan segel & bergaransi, toko amanah, barang yg saya pesan benar-benar sesuai pesanan, hp di coba berfungsi dgn baik, .untuk aplikasi wa hrs download dulu ya. terimakasih",2025-10-13 00:00:00,1,0.09297522902488708,0.9009743332862854,0.006050461903214455,NEUTRAL
Panda_Vivo Y71,good prodack.,2026-03-29 00:00:00,1,0.9896652102470398,0.008233017288148403,0.0021017843391746283,POSITIVE
Panda_Vivo Y71,makasih sellernya amanah,2026-03-10 00:00:00,1,0.9916924238204956,0.006595721002668142,0.001711930031888187,POSITIVE
Panda_Vivo Y71,"pelindung kaca gorilla glass 3,",2026-02-15 00:00:00,1,0.002908918773755431,0.9959599375724792,0.0011311122216284275,NEUTRAL
Panda_Vivo Y71,"desain bodi aluminium, kamera belakang 13mp dengan lampu kilat, kamera belakang 13mp dengan lampu kilat, pelindung kaca gorilla glass 3, kapasitas baterai 3360mah,",2025-10-08 00:00:00,1,0.05753103643655777,0.9413307905197144,0.001138148596510291,NEUTRAL
Panda_Vivo Y71,durability:,2025-10-07 00:00:00,1,0.4163072407245636,0.5056014060974121,0.0780913308262825,NEUTRAL
Panda_Vivo Y71,"baru, segel, dan bergaransi, kamera belakang 13mp dengan lampu kilat,",2025-12-03 00:00:00,1,0.005108110141009092,0.9930909872055054,0.0018008691258728504,NEUTRAL
Panda_Vivo Y71,"kamera belakang 13mp dengan lampu kilat, pelindung kaca gorilla glass 3,",2025-11-29 00:00:00,1,0.008419593796133995,0.9910069108009338,0.0005734526203013957,NEUTRAL
Panda_Vivo Y71,tapi batrenya sampai habis,2026-03-02 00:00:00,1,0.00542095210403204,0.6002630591392517,0.3943159878253937,NEUTRAL
Panda_Vivo Y71,hp sdh tiba dan sdh sy terima dlm keadaan baik dan mulus sesuai pesanan pastinya ok mantull baru mau dicb mudah2an awet dan tahan lm,2025-09-27 00:00:00,1,0.9780551791191101,0.019852731376886368,0.002092179376631975,POSITIVE
Panda_Vivo Y71,"barang paket hp ku sudah datang dgn selamat , kurir nya ramah dan sopan , barang nya baik dan sempurna sesuai hatapan .terima kasih",2025-10-01 00:00:00,1,0.9827280640602112,0.01588624343276024,0.0013856175355613232,POSITIVE
Panda_Vivo Y71,kompatibilitas:,2025-09-30 00:00:00,1,0.23600511252880096,0.7453319430351257,0.018662989139556885,NEUTRAL
Panda_Vivo Y71,kemudahan penggunaan:,2025-09-30 00:00:00,1,0.7237319946289062,0.27330461144447327,0.002963427919894457,POSITIVE
Panda_Vivo Y71,"baru, segel, dan bergaransi, pelindung kaca gorilla glass 3, kapasitas baterai 3360mah,",2025-10-14 00:00:00,1,0.0047885156236588955,0.9938873648643494,0.0013241242850199342,NEUTRAL
Panda_Vivo Y71,"kamera belakangpelindung kaca gorilla glass 3, 13mp dengan lampu kilat, kapasitas baterai 3360mah, baru, segel, dan bergaransi, pelindung kaca gorilla glass 3, desain bodi aluminium,",2025-09-24 00:00:00,1,0.0075663249008357525,0.991599440574646,0.0008341845823451877,NEUTRAL
Panda_Vivo Y71,"pelindung kaca gorilla glass 3, kamera belakang 13mp dengan lampu kilat, desain bodi aluminium, baru, segel, dan bergaransi, kapasitas baterai 3360mah,",2025-09-19 00:00:00,1,0.013756446540355682,0.9851529598236084,0.0010904872324317694,NEUTRAL
Panda_Vivo Y71,"baru, segel, dan bergaransi,",2026-02-03 00:00:00,1,0.018952274695038795,0.9775934219360352,0.0034543233923614025,NEUTRAL
Panda_Vivo Y71,"baru, segel, dan bergaransi, kamera belakang 13mp dengan lampu kilat, mntap",2025-11-18 00:00:00,1,0.004205571953207254,0.9944185018539429,0.0013759371358901262,NEUTRAL
Panda_Vivo Y71,kemudahan penggunaan:,2026-01-10 00:00:00,1,0.7237319946289062,0.27330461144447327,0.002963427919894457,POSITIVE
Panda_Vivo Y71,"hp nya bagus baru, segel, dan bergaransi,",2026-01-13 00:00:00,1,0.7583839297294617,0.23445464670658112,0.0071614207699894905,POSITIVE
Panda_Vivo Y71,"kapasitas baterai 3360mah, pelindung kaca gorilla glass 3, desain bodi aluminium, kamera belakang 13mp dengan lampu kilat, kamera belakang 13mp dengan lampu kilat, trimakasih",2025-09-17 00:00:00,1,0.03669324889779091,0.9621382355690002,0.0011684969067573547,NEUTRAL
Panda_Vivo Y71,"kapasitas baterai 3360mah, kamera belakang 13mp dengan lampu kilat, baru, segel, dan bergaransi, pelindung kaca gorilla glass 3, desain bodi aluminium ,",2025-09-13 00:00:00,1,0.02010602131485939,0.9789261221885681,0.0009678981732577085,NEUTRAL
Panda_Vivo Y71,bagus,2026-03-06 00:00:00,1,0.9961093068122864,0.0022218467202037573,0.0016688667237758636,POSITIVE
Panda_Vivo Y71,"baru, segel, dan bergaransi, pelindung kaca gorilla glass 3, alhamdulillah barangnyasukses buat toko online",2025-09-10 00:00:00,1,0.689935028553009,0.30668771266937256,0.003377302782610059,POSITIVE
Panda_Vivo Y71,"barang sesuai , thanks seller",2026-01-22 00:00:00,1,0.9690976142883301,0.02679971605539322,0.004102599341422319,POSITIVE
Panda_Vivo Y71,"baru, segel, dan bekapasitas baterai 3360mah, rgaransi, kapasitas baterai 3360mah,",2025-10-13 00:00:00,1,0.005843314342200756,0.9935073852539062,0.0006492747343145311,NEUTRAL
Panda_Vivo Y71,"kapasitas baterai 3360mah, pelindung kaca gorilla glass 3,",2025-11-16 00:00:00,1,0.008232858031988144,0.9910240173339844,0.0007431205012835562,NEUTRAL
Panda_Vivo Y71,"terimakasih, pesanan sudah sampai, produk sesuai pesanan..",2025-11-16 00:00:00,1,0.25734826922416687,0.7398016452789307,0.0028501050546765327,NEUTRAL
Panda_Vivo Y71,"kamera belakang 13mp dengan lampu kilat, baru, segel, dan bergaransi,",2025-10-29 00:00:00,1,0.019885839894413948,0.978783130645752,0.0013309771893545985,NEUTRAL
Panda_Vivo Y71,"pelindung kaca gorilla glass 3,",2026-01-16 00:00:00,1,0.002908918773755431,0.9959599375724792,0.0011311122216284275,NEUTRAL
Panda_Vivo Y71,"baru, segel, dan bergaransi, desain bodi aluminium, kapasitas baterai 3360mah,",2025-10-10 00:00:00,1,0.007125710137188435,0.9919418096542358,0.0009325150749646127,NEUTRAL
Panda_Vivo Y71,hp bgus kk baru ngk rugi beli hp ini,2026-01-14 00:00:00,1,0.021494433283805847,0.0029178422410041094,0.975587785243988,NEGATIVE
Panda_Vivo Y71,kemudahan penggunaan:,2025-12-26 00:00:00,1,0.7237319946289062,0.27330461144447327,0.002963427919894457,POSITIVE
Panda_Vivo Y71,"barang udah saya trmsk dengan aman, semoga awet, trmksh,",2025-11-11 00:00:00,1,0.8982089757919312,0.10008251667022705,0.0017085151048377156,POSITIVE
Panda_Vivo Y71,bagus cuma pengiriman lama sekali,2026-01-08 00:00:00,1,0.0016700932756066322,0.0009897504933178425,0.9973401427268982,NEGATIVE
Panda_Vivo Y71,"baru, segel, dan bergaransi, kapasitas baterai 3360mah, pelindung kaca gorilla glass 3,",2025-10-03 00:00:00,1,0.003887868020683527,0.9949104189872742,0.0012016365071758628,NEUTRAL
Panda_Vivo Y71,"nyesel beli di toko ini.. knapa ga dari dulu belinya ya,, ok mksh moga awet ne hapenya??!",2025-09-10 00:00:00,1,0.043778449296951294,0.009921444579958916,0.9463001489639282,NEGATIVE
Panda_Vivo Y71,"barang datang sesuai,,makasih semoga berkah usaha nya",2025-11-22 00:00:00,1,0.9835335612297058,0.014361953362822533,0.002104417886584997,POSITIVE
Panda_Vivo Y71,mantap,2026-02-13 00:00:00,1,0.9971997737884521,0.0020699005108326674,0.000730370928067714,POSITIVE
Panda_Vivo Y71,"baru, segel, dan bergaransi, mantap harga terjangkau,, hp normal digunakan",2025-10-13 00:00:00,1,0.9124994874000549,0.08539988100528717,0.002100624842569232,POSITIVE
Panda_Vivo Y71,"baru, android 6",2025-12-10 00:00:00,1,0.0064981975592672825,0.9914405345916748,0.0020612957887351513,NEUTRAL
Panda_Vivo Y71,mksh seller amanah sesuai deskripsi mntap,2025-12-06 00:00:00,1,0.8862065672874451,0.10829577594995499,0.005497669335454702,POSITIVE
Panda_Vivo Y71,"baru, segel, dan bergaransi, hp y cepat panas itu saja kendalanya",2025-10-25 00:00:00,1,0.001432392979040742,0.02188659831881523,0.9766810536384583,NEGATIVE
Panda_Vivo Y71,kualitasya bagus sesuai harapan pegirmanya juga cepet,2025-10-28 00:00:00,1,0.9957811832427979,0.002055081073194742,0.0021637550089508295,POSITIVE
Panda_Vivo Y71,"produk datang smartfren rusak kotak xiaomi, guys hati hati dalam pembelian, gak tahu pihak mana yang bertanggung jawab ini, toko yang tidak jujur atau ekspedisi yang tidak jujur atau lazada kelalaian mengawasi",2026-02-26 00:00:00,1,0.0014033147599548101,0.007325965911149979,0.9912707805633545,NEGATIVE
Panda_Vivo Y71,lumayannutk harga yg ekonimis..mudah²an awet cuma casannya nggak fungsi,2025-10-02 00:00:00,1,0.9682828187942505,0.02183600328862667,0.0098810950294137,POSITIVE
Panda_Vivo Y71,"mantabb..sangat bagus, sangat murah, trimakasih seler..",2025-10-18 00:00:00,1,0.9936150312423706,0.003195731434971094,0.003189240349456668,POSITIVE
Panda_Vivo Y71,pokonya is the beast,2026-01-07 00:00:00,1,0.9898074269294739,0.007148848380893469,0.0030437821988016367,POSITIVE
Panda_Vivo Y71,"kalo jualan yg bener lah,pesan y71 ram 6/128 yang datang y66 4/64,mau nipu aja",2026-04-11 00:00:00,1,0.01258777640759945,0.17543961107730865,0.8119726777076721,NEGATIVE
Panda_Vivo Y71,makasih dah d trima mantap sesuai harga,2025-11-24 00:00:00,1,0.9802605509757996,0.01798524148762226,0.0017542933346703649,POSITIVE
Panda_Vivo Y71,"pesan nya vivo y17,di kirim y55,tapi gpp lah,semoga berkah,saya terima beli ya",2025-09-24 00:00:00,1,0.042439818382263184,0.9495100378990173,0.008050075732171535,NEUTRAL
Panda_Vivo Y71,"baru, segel, kapasitas baterai 3360mah, dan bergaransi,",2025-10-31 00:00:00,1,0.005302721634507179,0.9930095672607422,0.00168770388700068,NEUTRAL
Panda_Vivo Y71,pesanan sudah sampai kondisi segel semoga sesuai ramnya,2025-10-30 00:00:00,1,0.02916467934846878,0.9656256437301636,0.005209690425544977,NEUTRAL
Panda_Vivo Y71,"baru, segel, dan bergaransi, pelindung kaca gorilla glass 3,",2025-10-09 00:00:00,1,0.0026917599607259035,0.9956745505332947,0.001633664476685226,NEUTRAL
Panda_Vivo Y71,"sempurna banget dengan harga ramah banget, tanpa menguras kantong,kualitas ok.",2025-09-18 00:00:00,1,0.9978843331336975,0.0015441426075994968,0.0005714815924875438,POSITIVE
Panda_Vivo Y71,"baru, segel, dan bergaransi, pelindung kaca gorilla glass 3,",2025-10-06 00:00:00,1,0.0026917599607259035,0.9956745505332947,0.001633664476685226,NEUTRAL
Panda_Vivo Y71,"baru, segel, dan bergaransi,",2025-11-30 00:00:00,1,0.018952274695038795,0.9775934219360352,0.0034543233923614025,NEUTRAL
Panda_Vivo Y71,"sesuai,cm gk ada hansfree kak",2025-11-28 00:00:00,1,0.0035377938766032457,0.3547629117965698,0.6416992545127869,NEGATIVE
Panda_Vivo Y71,sesuai dengan gambar semoga awet selalu,2025-11-02 00:00:00,1,0.9838472008705139,0.013644450344145298,0.0025084044318646193,POSITIVE
Panda_Vivo Y71,mesti baru kasih ulasan baru sempet mantaplah hp ya joss,2025-10-15 00:00:00,1,0.9924954175949097,0.004738107789307833,0.002766414312645793,POSITIVE
Panda_Vivo Y71,"sedikit kecewa karna barang tidak sesuai,,",2025-10-25 00:00:00,1,0.000954652379732579,0.0011989661725237966,0.9978463649749756,NEGATIVE
Panda_Vivo Y71,blom dicoba hp nya tapi alhamdulillah toko nya amanah,2025-10-04 00:00:00,1,0.9775797724723816,0.020161015912890434,0.002259224420413375,POSITIVE
Panda_Vivo Y71,durability:,2025-09-18 00:00:00,1,0.4163072407245636,0.5056014060974121,0.0780913308262825,NEUTRAL
Panda_Vivo Y71,pengiriman cepat respon bagus,2025-11-13 00:00:00,1,0.994721531867981,0.00437519047409296,0.000903204083442688,POSITIVE
Panda_Vivo Y71,"baru, segel, dan bergaransi, mo beli lagi",2025-10-20 00:00:00,1,0.0031501054763793945,0.9909568428993225,0.0058930967934429646,NEUTRAL
Panda_Vivo Y71,cukup memuaskan mksh seller..pertahankan amanahnya,2025-10-01 00:00:00,1,0.9876593947410583,0.008952262811362743,0.0033883722499012947,POSITIVE
Panda_Vivo Y71,durability:,2025-09-10 00:00:00,1,0.4163072407245636,0.5056014060974121,0.0780913308262825,NEUTRAL
Panda_Vivo Y71,barang bagus mudah2an awet tks lazada dan kurirjya,2025-10-02 00:00:00,1,0.9789774417877197,0.019825762137770653,0.0011967807076871395,POSITIVE
Panda_Vivo Y71,hp nya sesuai,2025-12-12 00:00:00,1,0.23867297172546387,0.7530566453933716,0.008270440623164177,NEUTRAL
Panda_Vivo Y71,"desain bodi aluminium, kapasitas baterai 3360mah,",2025-09-22 00:00:00,1,0.009325136430561543,0.9900760054588318,0.0005988951306790113,NEUTRAL
Panda_Vivo Y71,alhamdulillah datangnya lebih cepat dan amanah tokonya,2025-09-24 00:00:00,1,0.9913661479949951,0.007620839402079582,0.0010130717419087887,POSITIVE
Panda_Vivo Y71,semoga awet,2025-12-08 00:00:00,1,0.9782040119171143,0.01976347714662552,0.0020325735677033663,POSITIVE
Panda_Vivo Y71,brang ok,2025-12-12 00:00:00,1,0.9852626323699951,0.009145558811724186,0.0055918507277965546,POSITIVE
Panda_Vivo Y71,goodjob,2025-12-10 00:00:00,1,0.9867629408836365,0.00778543995693326,0.005451579578220844,POSITIVE
Panda_Vivo Y71,sangat baik,2025-12-12 00:00:00,1,0.9952227473258972,0.0031050299294292927,0.0016722152940928936,POSITIVE
Panda_Vivo Y71,saya pesan warna hitam yg d kirim gold,2025-10-09 00:00:00,1,0.00143749313428998,0.9956973791122437,0.0028650809545069933,NEUTRAL
Panda_Vivo Y71,"hp tidak support you tube,, sering error, susah di charger, kadang bisa kadang tidak bisa..",2026-01-15 00:00:00,1,0.0008868066943250597,0.008842588402330875,0.9902706146240234,NEGATIVE
Panda_Vivo Y71,maaf baru balas.barng udh sampai dengan aman. hp bagus. setelah diaktifkan dan saya uji dengan menambahkan 1apk saja. mlbb langsung panas dan hp langsung gk sabil. chargernya sangat jelek setelah melakukan pengisian baterai sampai 10jam. hpnya cocok untuk you tube dan whatsapp saja,2025-12-20 00:00:00,1,0.2071695476770401,0.005471505224704742,0.7873589396476746,NEGATIVE
Panda_Vivo Y71,tdk sesuai dengan gambar ram 6 ternyata cumak ram 4 lasada sudah lain dengan dulu. toko nya banyak yang tdk bonapit,2025-12-05 00:00:00,1,0.0021779348608106375,0.0032744600903242826,0.9945476055145264,NEGATIVE
Panda_Vivo Y71,bagus,2025-12-03 00:00:00,1,0.9961093068122864,0.0022218467202037573,0.0016688667237758636,POSITIVE
Panda_Vivo Y71,ok hp beneran yg datang smoga awet,2025-10-18 00:00:00,1,0.9182078242301941,0.07560393959283829,0.006188287399709225,POSITIVE
Panda_Vivo Y71,hpnya tidak bisa buka youtube,2025-10-23 00:00:00,1,0.001756090554408729,0.5628892779350281,0.43535467982292175,NEUTRAL
Panda_Vivo Y71,"baru, segel, dan bergaransi,",2025-10-18 00:00:00,1,0.018952274695038795,0.9775934219360352,0.0034543233923614025,NEUTRAL
Panda_Vivo Y71,"tidak sesuai pesanan tp okelah,y55 nya",2025-10-16 00:00:00,1,0.003529299283400178,0.04798068851232529,0.9484900236129761,NEGATIVE
Panda_Vivo Y71,produk bgus cm jaringannya kok agak lemot ya?,2025-09-21 00:00:00,1,0.0006198600749485195,0.001849108375608921,0.9975311160087585,NEGATIVE
Panda_Vivo Y71,barang bagus sesuai yg di foto,2025-10-11 00:00:00,1,0.9949542880058289,0.003414986189454794,0.0016307539772242308,POSITIVE
Panda_Vivo Y71,hp nya bagus nggak ad kendala,2025-10-12 00:00:00,1,0.970355212688446,0.016064759343862534,0.013580098748207092,POSITIVE
Panda_Vivo Y71,bagus normal semua ..sesuai dikripsi terimakasih seler n lazada,2025-08-09 00:00:00,1,0.48212888836860657,0.4799598753452301,0.03791116923093796,POSITIVE
Panda_Vivo Y71,bagus sesuai penjual amanah,2025-10-16 00:00:00,1,0.9940789937973022,0.0037145218811929226,0.002206578617915511,POSITIVE
Panda_Vivo Y71,bagus,2025-11-19 00:00:00,1,0.9961093068122864,0.0022218467202037573,0.0016688667237758636,POSITIVE
Panda_Vivo Y71,sangat bagus,2025-11-16 00:00:00,1,0.9965662360191345,0.0020073570776730776,0.0014264120254665613,POSITIVE
Panda_Vivo Y71,tampilan dan kualitas hp bagus.,2025-10-04 00:00:00,1,0.9958490133285522,0.0025401569437235594,0.0016108461422845721,POSITIVE
Panda_Vivo Y71,ok,2025-11-18 00:00:00,1,0.9444045424461365,0.04877910390496254,0.006816404405981302,POSITIVE
Panda_Vivo Y71,"baru, segel, dan bergaransi,",2025-10-01 00:00:00,1,0.018952274695038795,0.9775934219360352,0.0034543233923614025,NEUTRAL
Panda_Vivo Y71,bagus.,2025-11-14 00:00:00,1,0.9961150884628296,0.002604756271466613,0.0012802090495824814,POSITIVE
Panda_Vivo Y71,sangat kecewa ram palsu,2025-10-17 00:00:00,1,0.0010128499707207084,0.0009845113381743431,0.9980025887489319,NEGATIVE
Panda_Vivo Y71,hp bagus tp blm tahu kualitasnya,2025-09-22 00:00:00,1,0.0068801590241491795,0.009368923492729664,0.9837508797645569,NEGATIVE
Panda_Vivo Y71,"bagus.,",2025-11-01 00:00:00,1,0.9956532716751099,0.002886906499043107,0.0014597246190533042,POSITIVE
Panda_Vivo Y71,mantaaff,2025-11-01 00:00:00,1,0.9929125905036926,0.0035730095114558935,0.0035144092980772257,POSITIVE
Panda_Vivo Y71,asli hp nya makasih,2025-10-09 00:00:00,1,0.3210664391517639,0.670591413974762,0.008342158980667591,NEUTRAL
Panda_Vivo Y71,mantep hp berpungsi baik,2025-10-06 00:00:00,1,0.9922024011611938,0.005659208167344332,0.0021383746061474085,POSITIVE
Panda_Vivo Y71,kualitas hp tidak bagus anti gores baret baret hp juga seperti refurbish,2026-01-18 00:00:00,1,0.0008091126219369471,0.0017755193402990699,0.99741530418396,NEGATIVE
Panda_Vivo Y71,alhamdulillah.. sesuai keinginan.. barang bagus beneran baru mantap,2025-07-08 00:00:00,1,0.9965645670890808,0.0027512339875102043,0.0006841935683041811,POSITIVE
Panda_Vivo Y71,"baru, segel, dan bergaransi,",2025-09-11 00:00:00,1,0.018952274695038795,0.9775934219360352,0.0034543233923614025,NEUTRAL
Panda_Vivo Y71,ok,2025-10-16 00:00:00,1,0.9444045424461365,0.04877910390496254,0.006816404405981302,POSITIVE
Panda_Vivo Y71,lumayan bagus,2025-10-16 00:00:00,1,0.9952936768531799,0.0021106726489961147,0.002595648169517517,POSITIVE
Panda_Vivo Y71,sesuai,2025-10-08 00:00:00,1,0.9921836256980896,0.006226774770766497,0.0015896849799901247,POSITIVE
Panda_Vivo Y71,"hpnya.. bagus.. cuman batrenya droup,dan harus diganti.. semoga kedepanya lebih baik. trimakasih lazada",2025-10-26 00:00:00,1,0.17396049201488495,0.6797506213188171,0.14628885686397552,NEUTRAL
Panda_Vivo Y71,oke lumayan,2025-09-14 00:00:00,1,0.9606115818023682,0.028787394985556602,0.010600964538753033,POSITIVE
Panda_Vivo Y71,bagus,2025-09-17 00:00:00,1,0.9961093068122864,0.0022218467202037573,0.0016688667237758636,POSITIVE
Panda_Vivo Y71,kemudahan penggunaan:,2025-09-10 00:00:00,1,0.7237319946289062,0.27330461144447327,0.002963427919894457,POSITIVE
Panda_Vivo Y71,hp bagus tapi jaringan data seluler tidak ada saya kecewa,2025-09-16 00:00:00,1,0.0009707146091386676,0.0012117089936509728,0.9978175163269043,NEGATIVE
Panda_Vivo Y71,changer nya mati,2025-12-14 00:00:00,1,0.0009788632160052657,0.0047681014984846115,0.9942529797554016,NEGATIVE
Panda_Vivo Y71,"desain bodi aluminium, kapasitas baterai 3360mah, hadeuh",2025-09-04 00:00:00,1,0.021497240290045738,0.9770219922065735,0.0014808501582592726,NEUTRAL
Panda_Vivo Y71,lumayan utk hrga sgitu ngecas nya lambat,2025-09-22 00:00:00,1,0.6788994669914246,0.1151689738035202,0.2059316337108612,POSITIVE
Panda_Vivo Y71,keren,2025-11-28 00:00:00,1,0.9971580505371094,0.0018017847323790193,0.0010400965111330152,POSITIVE
Panda_Vivo Y71,produk ga berfungsi..ga amanah.. pengiriman cepat.cuma respon kurang.kpas dtng cuma unboxing.belum d periksa keadaan hpnya..pas d periksa ga berfungsi.cuma d pake sebentar.ga nyala lagi.,2026-06-10 00:00:00,1,0.0018781587714329362,0.011461105197668076,0.9866607189178467,NEGATIVE
Panda_Vivo Y71,"baterai boros, jaringan lemot meskipun l sudah menggunakan wifi. beberapa aplikasi seperti tik tok tidak dapat berjalan. sehingga menyebabkan hp mati sendiri. awalnya gak bisa menggunakan wa, alasannya aplikasi tidak resmi. setelah menginstal wa di hp pancingan. baru lah bisa buka wa di hp ini. pikir pikir lagi kalau mau beli ya.",2026-04-11 00:00:00,1,0.0020782400388270617,0.001507389242760837,0.996414303779602,NEGATIVE
Panda_Vivo Y71,barang tidak sesuai sekali beli d sni kcwa banget parah ini toko hp cina males belanja dsni lagi klau jualan yg jujur kenapa,2026-01-17 00:00:00,1,0.000817948195617646,0.0011088293977081776,0.9980732202529907,NEGATIVE
Panda_Vivo Y71,"kurang bagus, belum dua hari sudah bikin kesal, tombol on/off tidak berpungsi, pengisian daya dua hari dua malam hanya terisi separoh",2026-01-17 00:00:00,1,0.0010207503801211715,0.0018159017199650407,0.9971633553504944,NEGATIVE
Panda_Vivo Y71,"toko sangat tidak amanah pesan vivo y71 ram 6gb penyimpanan 128gb, yang dikirim vivo y66 ram 4gb penyimpanan 64gb. kapok beli lagi di toko ini, ditambah pengiriman sangat lama , benar2 tidak puas.",2025-12-21 00:00:00,1,0.0021392626222223043,0.0008090035989880562,0.9970517158508301,NEGATIVE
Panda_Vivo Y71,"baru sehari udah ga bisa di pasang sim-card, terus apk playstornya ga komplit aplikasinya, kecewa",2026-01-01 00:00:00,1,0.0009085534256882966,0.0015888526104390621,0.9975026249885559,NEGATIVE
Panda_Vivo Y71,"barang bagus, mulus tp ram ya nipu kata ya ram 8/6 lahh yg datang ram 4 wkwkwkkw mlz order lagi. kecewa aja knp ga ap ad yaa,,",2025-10-11 00:00:00,1,0.0011381139047443867,0.0012324278941377997,0.9976294636726379,NEGATIVE
Panda_Vivo Y71,"ram cuma 3 , kartu telkomsel tidak bs tidak terbac dengan kata lain only wi-fi. kecewa campur aduk tidak bs diharapkan",2025-10-05 00:00:00,1,0.0007459602202288806,0.002674406860023737,0.9965795874595642,NEGATIVE
Panda_Vivo Y71,knapa hp nya ga sesuai malah ga bisa di pake apa apa di daptarin juga susah,2025-12-06 00:00:00,1,0.0009553423733450472,0.0034105812665075064,0.9956340193748474,NEGATIVE
Panda_Vivo Y71,layar tidak bisa di sentuh,2026-06-30 00:00:00,1,0.0026891366578638554,0.8408964276313782,0.1564144641160965,NEUTRAL
Panda_Vivo Y71,"kurang bagus , datang bagus dua hari langsung mati",2026-01-17 00:00:00,1,0.0005678649176843464,0.001337633584626019,0.9980944991111755,NEGATIVE
Panda_Vivo Y71,belum bisa digunakan tidak ada sinyal kartu sim. cuman bisa pakai wifi,2025-10-15 00:00:00,1,0.002313098171725869,0.9785167574882507,0.01917014643549919,NEUTRAL
Panda_Vivo Y71,kompatibilitas:,2026-03-05 00:00:00,1,0.23600511252880096,0.7453319430351257,0.018662989139556885,NEUTRAL
Panda_Vivo Y71,batre nyah boros barang aman,2026-02-20 00:00:00,1,0.0013091289438307285,0.0010515983449295163,0.9976392984390259,NEGATIVE
Panda_Vivo Y71,penipu ..tifak visa masuk kartu..barang pengolahan kembali /daur ulang,2025-09-23 00:00:00,1,0.0007853118586353958,0.010688072070479393,0.9885265827178955,NEGATIVE
Panda_Vivo Y71,hp nya ga jalan konek tor yah ga jalan sangat kecewa,2025-11-22 00:00:00,1,0.0011652993271127343,0.0009832569630816579,0.9978514909744263,NEGATIVE
Panda_Vivo Y71,sudah sampai ram 4 bukan 6 sistem jadul,2025-11-10 00:00:00,1,0.0031073291320353746,0.019575050100684166,0.9773175716400146,NEGATIVE
Panda_Vivo Y71,hpretak,2026-03-03 00:00:00,1,0.006853068713098764,0.004135197959840298,0.9890117645263672,NEGATIVE
Panda_Vivo Y71,barang udh nyampe. barang nya bkn baru seken kecewa bgt,2025-09-26 00:00:00,1,0.000806807482149452,0.0011343139922246337,0.9980588555335999,NEGATIVE
Panda_Vivo Y71,ram 6 yg datang ram 4,2025-12-19 00:00:00,1,0.010397367179393768,0.9038181304931641,0.08578448742628098,NEUTRAL
Panda_Vivo Y71,hp second kirain baru,2025-11-02 00:00:00,1,0.0019141611410304904,0.40166768431663513,0.5964181423187256,NEGATIVE
Panda_Vivo Y71,sekarang pengiriman jelek,2025-10-26 00:00:00,1,0.0008652852848172188,0.0008138081757351756,0.9983208775520325,NEGATIVE
Panda_Vivo Y71,saya pesanwarna biru ko dateng nya warna putih,2025-07-21 00:00:00,1,0.0023302705958485603,0.9957059025764465,0.0019637991208583117,NEUTRAL
Panda_Vivo Y71,sinyal nga ada,2025-11-20 00:00:00,1,0.0016059487825259566,0.014960341155529022,0.983433723449707,NEGATIVE
Panda_Vivo Y71,minus ga bisa wa,2025-11-06 00:00:00,1,0.0008120352867990732,0.009311646223068237,0.9898763298988342,NEGATIVE
