product_id,label,urutan_waktu,timestamp,S_plus,S_netral,S_minus
PinDuoDuo Y17 Ram,1,1,2026-01-27 12:11:00,0.9860599040985109,0.0121761439368128,0.001763951848261
PinDuoDuo Y17 Ram,1,2,2026-01-27 15:48:00,0.0263529252260923,0.1534262746572494,0.8202207684516907
PinDuoDuo Y17 Ram,1,3,2026-01-27 17:45:00,0.9944831728935242,0.0032904658000916,0.0022262504789978
PinDuoDuo Y17 Ram,1,4,2026-01-28 09:50:00,0.0976103022694587,0.900866448879242,0.0015232886653393
PinDuoDuo Y17 Ram,1,5,2026-01-29 14:15:00,0.991245687007904,0.007502872031182,0.0012513257097452
PinDuoDuo Y17 Ram,1,6,2026-01-29 23:11:00,0.0015528475632891,0.4233565628528595,0.5750906467437744
PinDuoDuo Y17 Ram,1,7,2026-01-31 20:41:00,0.9962618947029114,0.0029792860150337,0.0007588084554299
PinDuoDuo Y17 Ram,1,8,2026-02-01 06:37:00,0.997253954410553,0.0018041710136458,0.0009418682893738
PinDuoDuo Y17 Ram,1,9,2026-02-02 08:30:00,0.9075961709022522,0.0855434238910675,0.0068605095148086
PinDuoDuo Y17 Ram,1,10,2026-02-04 14:10:00,0.522233784198761,0.471702367067337,0.006063921842724
PinDuoDuo Y17 Ram,1,11,2026-02-06 17:35:00,0.990334689617157,0.0073869582265615,0.0022783332969993
PinDuoDuo Y17 Ram,1,12,2026-02-06 21:57:00,0.9962677359580994,0.0031551814172416,0.0005770996795035
PinDuoDuo Y17 Ram,1,13,2026-02-06 22:01:00,0.9925685524940492,0.0034496556036174,0.0039817672222852
PinDuoDuo Y17 Ram,1,14,2026-02-08 09:16:00,0.9210123419761658,0.0763204246759414,0.0026672380045056
PinDuoDuo Y17 Ram,1,15,2026-02-08 19:12:00,0.806164562702179,0.1643919348716735,0.0294435620307922
PinDuoDuo Y17 Ram,1,16,2026-02-09 15:10:00,0.8699257373809814,0.1267006993293762,0.0033735842444002
PinDuoDuo Y17 Ram,1,17,2026-02-09 15:47:00,0.0053732814267277,0.0101725747808814,0.9844542145729064
PinDuoDuo Y17 Ram,1,18,2026-02-09 16:52:00,0.0009635874885134,0.9943140745162964,0.0047223675064742
PinDuoDuo Y17 Ram,1,19,2026-02-10 12:34:00,0.7213411331176758,0.275419533252716,0.0032393797300755
PinDuoDuo Y17 Ram,1,20,2026-02-10 22:23:00,0.9965158700942992,0.0028025803621858,0.000681493198499
PinDuoDuo Y17 Ram,1,21,2026-02-11 18:08:00,0.9368536472320556,0.0625251606106758,0.000621210085228
PinDuoDuo Y17 Ram,1,22,2026-02-12 01:32:00,0.9899954795837402,0.009284964762628,0.0007195075158961
PinDuoDuo Y17 Ram,1,23,2026-02-12 06:02:00,0.9972442388534546,0.0017396998591721,0.0010160759557038
PinDuoDuo Y17 Ram,1,24,2026-02-12 10:29:00,0.9539446830749512,0.0438385643064975,0.0022167135030031
PinDuoDuo Y17 Ram,1,25,2026-02-13 20:23:00,0.9943641424179076,0.0048030223697423,0.0008328519179485
PinDuoDuo Y17 Ram,1,26,2026-02-15 02:29:00,0.9920945763587952,0.003784347558394,0.0041210744529962
PinDuoDuo Y17 Ram,1,27,2026-02-15 09:50:00,0.9595243334770204,0.0377766713500022,0.0026990158949047
PinDuoDuo Y17 Ram,1,28,2026-02-15 19:32:00,0.974109709262848,0.0252270679920911,0.0006632880540564
PinDuoDuo Y17 Ram,1,29,2026-02-16 13:42:00,0.9966192245483398,0.0024416216183453,0.0009391786879859
PinDuoDuo Y17 Ram,1,30,2026-02-16 16:34:00,0.9891390204429626,0.0088398028165102,0.0020212226081639
PinDuoDuo Y17 Ram,1,31,2026-02-17 08:50:00,0.0010175532661378,0.971800684928894,0.0271816607564687
PinDuoDuo Y17 Ram,1,32,2026-02-17 18:21:00,0.9852358102798462,0.0128876902163028,0.001876542228274
PinDuoDuo Y17 Ram,1,33,2026-02-20 16:53:00,0.1507730036973953,0.8373626470565796,0.0118642766028642
PinDuoDuo Y17 Ram,1,34,2026-02-20 23:49:00,0.9800300002098083,0.0173545312136411,0.0026154937222599
PinDuoDuo Y17 Ram,1,35,2026-02-21 14:25:00,0.962173879146576,0.0363598726689815,0.0014661739114671
PinDuoDuo Y17 Ram,1,36,2026-02-21 15:53:00,0.9929779171943665,0.0059609017334878,0.0010611979523673
PinDuoDuo Y17 Ram,1,37,2026-02-21 23:04:00,0.9149343967437744,0.080166682600975,0.0048989187926054
PinDuoDuo Y17 Ram,1,38,2026-02-22 13:45:00,0.8054324388504028,0.1677299737930297,0.026837533339858
PinDuoDuo Y17 Ram,1,39,2026-02-22 19:07:00,0.983656644821167,0.006584704387933,0.0097586577758193
PinDuoDuo Y17 Ram,1,40,2026-02-23 13:41:00,0.9820438623428344,0.0156602207571268,0.0022959748748689
PinDuoDuo Y17 Ram,1,41,2026-02-23 15:31:00,0.9934885501861572,0.0044149546884,0.0020964664872735
PinDuoDuo Y17 Ram,1,42,2026-02-23 18:14:00,0.189920037984848,0.6850425004959106,0.1250373870134353
PinDuoDuo Y17 Ram,1,43,2026-02-25 12:44:00,0.9488609433174132,0.0486931689083576,0.002445938065648
PinDuoDuo Y17 Ram,1,44,2026-02-26 16:14:00,0.993415117263794,0.0059506758116185,0.0006341950502246
PinDuoDuo Y17 Ram,1,45,2026-02-27 00:37:00,0.9907277822494508,0.002028418937698,0.0072437687776982
PinDuoDuo Y17 Ram,1,46,2026-02-27 20:57:00,0.9473633766174316,0.050091803073883,0.0025448440574109
PinDuoDuo Y17 Ram,1,47,2026-02-28 20:43:00,0.8778403997421265,0.1106790900230407,0.0114804999902844
PinDuoDuo Y17 Ram,1,48,2026-03-01 13:43:00,0.995652437210083,0.0030033814255148,0.0013442115159705
PinDuoDuo Y17 Ram,1,49,2026-03-02 19:13:00,0.9353532195091248,0.0613646209239959,0.0032820710912346
PinDuoDuo Y17 Ram,1,50,2026-03-02 22:27:00,0.9949660897254944,0.003673487342894,0.0013604125706478
PinDuoDuo Y17 Ram,1,51,2026-03-03 12:36:00,0.7038254141807556,0.2905713617801666,0.0056031714193522
PinDuoDuo Y17 Ram,1,52,2026-03-05 18:55:00,0.9910722374916076,0.0078547317534685,0.0010730029316619
PinDuoDuo Y17 Ram,1,53,2026-03-09 16:19:00,0.991321623325348,0.0066006565466523,0.0020777226891368
PinDuoDuo Y17 Ram,1,54,2026-03-12 18:19:00,0.913105309009552,0.0848445519804954,0.0020501993130892
PinDuoDuo Y17 Ram,1,55,2026-03-24 01:57:00,0.0006971295806579,0.0010434739524498,0.9982593655586244
PinDuoDuo Y17 Ram,1,56,2026-03-30 18:40:00,0.994509756565094,0.0029061185196042,0.0025840981397777
PinDuoDuo Y17 Ram,1,57,2026-04-01 07:15:00,0.9954378008842468,0.0039362367242574,0.0006260001682676
PinDuoDuo Y17 Ram,1,58,2026-04-01 08:58:00,0.9907413721084596,0.0085715604946017,0.0006871920777484
PinDuoDuo Y17 Ram,1,59,2026-04-02 15:38:00,0.7254577875137329,0.2710770070552826,0.0034651728346943
PinDuoDuo Y17 Ram,1,60,2026-04-06 12:58:00,0.9891409873962402,0.0095064984634518,0.0013524511596187
PinDuoDuo Y17 Ram,1,61,2026-04-07 02:02:00,0.9975443482398988,0.0019865694921463,0.00046900860616
PinDuoDuo Y17 Ram,1,62,2026-04-07 22:41:00,0.9944865107536316,0.0034535457380115,0.0020600056741386
PinDuoDuo Y17 Ram,1,63,2026-04-08 22:32:00,0.0054513714276254,0.0274867452681064,0.9670618772506714
PinDuoDuo Y17 Ram,1,64,2026-04-09 09:48:00,0.2178659737110138,0.0130591671913862,0.7690748572349548
PinDuoDuo Y17 Ram,1,65,2026-04-10 08:49:00,0.9891486763954164,0.009607526473701,0.0012438066769391
PinDuoDuo Y17 Ram,1,66,2026-04-10 10:18:00,0.9940391778945924,0.0041034803725779,0.0018573495326563
PinDuoDuo Y17 Ram,1,67,2026-04-10 19:37:00,0.9946894645690918,0.003341827308759,0.0019687442108988
PinDuoDuo Y17 Ram,1,68,2026-04-11 12:21:00,0.9126596450805664,0.0831412300467491,0.0041991528123617
PinDuoDuo Y17 Ram,1,69,2026-04-14 15:17:00,0.007426930591464,0.0239094160497188,0.9686636924743652
PinDuoDuo Y17 Ram,1,70,2026-04-14 17:23:00,0.9514266848564148,0.0439342483878135,0.0046390127390623
PinDuoDuo Y17 Ram,1,71,2026-04-14 19:09:00,0.2029681205749511,0.4968958795070648,0.300135999917984
PinDuoDuo Y17 Ram,1,72,2026-04-14 20:01:00,0.8066834807395935,0.172956183552742,0.0203603245317935
PinDuoDuo Y17 Ram,1,73,2026-04-14 20:55:00,0.9961445331573486,0.0032980474643409,0.0005574086681008
PinDuoDuo Y17 Ram,1,74,2026-04-15 19:10:00,0.8978272080421448,0.0989339500665664,0.0032388332765549
PinDuoDuo Y17 Ram,1,75,2026-04-15 19:34:00,0.9965211153030396,0.0026099104434251,0.0008690265240147
PinDuoDuo Y17 Ram,1,76,2026-04-15 20:14:00,0.9980746507644652,0.0009741697576828,0.0009510800591669
PinDuoDuo Y17 Ram,1,77,2026-04-16 18:10:00,0.5623064041137695,0.4200192391872406,0.0176743865013122
PinDuoDuo Y17 Ram,1,78,2026-04-18 13:03:00,0.9662545919418336,0.0293479524552822,0.0043974998407065
PinDuoDuo Y17 Ram,1,79,2026-04-18 16:27:00,0.9859483242034912,0.0073186662048101,0.0067330412566661
PinDuoDuo Y17 Ram,1,80,2026-04-18 17:43:00,0.9860223531723022,0.0129982149228453,0.0009793827775865
PinDuoDuo Y17 Ram,1,81,2026-04-18 17:56:00,0.9962409734725952,0.0023659230209887,0.0013930479763075
PinDuoDuo Y17 Ram,1,82,2026-04-18 22:57:00,0.975959062576294,0.0226811040192842,0.0013598710065707
PinDuoDuo Y17 Ram,1,83,2026-04-18 23:23:00,0.9826754331588744,0.0122969327494502,0.0050275395624339
PinDuoDuo Y17 Ram,1,84,2026-04-20 12:55:00,0.968646764755249,0.0288030076771974,0.0025502352509647
PinDuoDuo Y17 Ram,1,85,2026-04-21 05:49:00,0.9849501848220824,0.0102163711562752,0.0048334347084164
PinDuoDuo Y17 Ram,1,86,2026-04-21 10:15:00,0.909363865852356,0.0887177139520645,0.0019184801494702
PinDuoDuo Y17 Ram,1,87,2026-04-24 13:31:00,0.9790602922439576,0.0192275457084178,0.0017121381824836
PinDuoDuo Y17 Ram,1,88,2026-04-24 17:38:00,0.9836151003837584,0.0144261885434389,0.0019586188718676
PinDuoDuo Y17 Ram,1,89,2026-04-25 20:14:00,0.992720365524292,0.0036418512463569,0.0036378279328346
PinDuoDuo Y17 Ram,1,90,2026-04-26 09:22:00,0.0062354146502912,0.0024530035443603,0.9913115501403807
PinDuoDuo Y17 Ram,1,91,2026-05-02 06:36:00,0.9818695187568665,0.0140511104837059,0.0040793549269437
PinDuoDuo Y17 Ram,1,92,2026-05-04 19:58:00,0.95443594455719,0.0248759537935256,0.0206880178302526
PinDuoDuo Y17 Ram,1,93,2026-05-05 13:57:00,0.9892702102661132,0.0094887912273406,0.0012410096824169
PinDuoDuo Y17 Ram,1,94,2026-05-06 08:44:00,0.9814695119857788,0.0122638531029224,0.0062666251324117
PinDuoDuo Y17 Ram,1,95,2026-05-07 16:20:00,0.9800127148628236,0.0183979887515306,0.0015892534283921
PinDuoDuo Y17 Ram,1,96,2026-05-10 09:19:00,0.9933064579963684,0.0057802512310445,0.000913337804377
PinDuoDuo Y17 Ram,1,97,2026-05-10 18:32:00,0.9610921144485474,0.0348625667393207,0.0040452796965837
PinDuoDuo Y17 Ram,1,98,2026-05-11 12:45:00,0.0009061562013812,0.026161229237914,0.9729326963424684
PinDuoDuo Y17 Ram,1,99,2026-05-11 19:48:00,0.99566912651062,0.0011687381193041,0.0031621542293578
PinDuoDuo Y17 Ram,1,100,2026-05-12 20:13:00,0.0135974278673529,0.0429886281490325,0.9434139728546144
PinDuoDuo Y17 Ram,1,101,2026-05-14 18:12:00,0.9898650050163268,0.0071324156597256,0.0030025399755686
PinDuoDuo Y17 Ram,1,102,2026-05-20 12:39:00,0.0006549716927111,0.0041103712283074,0.9952346682548524
PinDuoDuo Y17 Ram,1,103,2026-05-20 17:31:00,0.9896371960639954,0.0090440791100263,0.0013186732539907
