web_scraper_order,web_scraper_start_url,pagination,review,timestamp
"1780167045-1","https://shopee.co.id/Mini-Smartphone-ip17pro-max-mini-Garansi-Kapasitas-baterai-2600mah-i.1355557233.43215501742?extraParams=%7B%22display_model_id%22%3A435782375347%2C%22model_selection_logic%22%3A3%7D","","Keren ini mah hp nya kecil tapi gak kecil baget anak saya suka buat bocill cocok dari pada harus rebutan sama saya😂 
Harga terjangkau kualitas gak perlu di ragukan lagi, gak perlu pikir panjang langsung checkout barang memuaskan terima kasih seller🫰🏻🫰🏻❤️❤️","2025-09-08 11:53 | Variasi: Silver"
"1780167045-2","https://shopee.co.id/Mini-Smartphone-ip17pro-max-mini-Garansi-Kapasitas-baterai-2600mah-i.1355557233.43215501742?extraParams=%7B%22display_model_id%22%3A435782375347%2C%22model_selection_logic%22%3A3%7D","","Di luar ekspetasi saya ga nyangka bakal SE cute ini😍 udah di coba berfungsi dengan baikk  ga nyesel deh pokoknya respon penjual pun cepat sekali 🫶hitam doff juga glossy mantullll🫶🫶🫶","2025-09-08 11:57 | Variasi: Hitam"
"1780167045-3","https://shopee.co.id/Mini-Smartphone-ip17pro-max-mini-Garansi-Kapasitas-baterai-2600mah-i.1355557233.43215501742?extraParams=%7B%22display_model_id%22%3A435782375347%2C%22model_selection_logic%22%3A3%7D","","Barang tidak sesuai deskripsi tidak bisa di Pakaikan SIM CARD HP nya juga lambat SIM terbaca tapi jaringan internet nya gak bisa di pake... Saya sudah masukin Telkomsel, AXIS dan M3 malah M3 tulisannya Roaming
Seller nya juga gak bales waktu di cht","2025-09-18 17:02 | Variasi: Grey"
"1780167045-4","https://shopee.co.id/Mini-Smartphone-ip17pro-max-mini-Garansi-Kapasitas-baterai-2600mah-i.1355557233.43215501742?extraParams=%7B%22display_model_id%22%3A435782375347%2C%22model_selection_logic%22%3A3%7D","","","2026-04-06 07:27 | Variasi: Hitam"
"1780167045-5","https://shopee.co.id/Mini-Smartphone-ip17pro-max-mini-Garansi-Kapasitas-baterai-2600mah-i.1355557233.43215501742?extraParams=%7B%22display_model_id%22%3A435782375347%2C%22model_selection_logic%22%3A3%7D","","Awanya agak ragu, tapi setelah dicoba imut bgt dan lucu. Sinyal aman, wifi lancar. walau emang kinerja agak lemot dibanding hape normal. Tapi wajar untuk hape mini kayak gini. cocok buat second phone.","2025-09-28 20:52 | Variasi: Silver"
"1780167045-6","https://shopee.co.id/Mini-Smartphone-ip17pro-max-mini-Garansi-Kapasitas-baterai-2600mah-i.1355557233.43215501742?extraParams=%7B%22display_model_id%22%3A435782375347%2C%22model_selection_logic%22%3A3%7D","","trmksi kak barang nya sudah sampai⭐⭐⭐⭐⭐","2025-10-14 22:25 | Variasi: Silver"
"1780167045-7","https://shopee.co.id/Mini-Smartphone-ip17pro-max-mini-Garansi-Kapasitas-baterai-2600mah-i.1355557233.43215501742?extraParams=%7B%22display_model_id%22%3A435782375347%2C%22model_selection_logic%22%3A3%7D","","ini hp nya tidak bisa nge baca sim card
terima kasih","2026-05-11 00:53 | Variasi: 4.5 Grey"
"1780167045-8","https://shopee.co.id/Mini-Smartphone-ip17pro-max-mini-Garansi-Kapasitas-baterai-2600mah-i.1355557233.43215501742?extraParams=%7B%22display_model_id%22%3A435782375347%2C%22model_selection_logic%22%3A3%7D","","mantpsssssssss","2025-12-23 17:06 | Variasi: Silver"
"1780167045-9","https://shopee.co.id/Mini-Smartphone-ip17pro-max-mini-Garansi-Kapasitas-baterai-2600mah-i.1355557233.43215501742?extraParams=%7B%22display_model_id%22%3A435782375347%2C%22model_selection_logic%22%3A3%7D","","","2026-01-01 17:07 | Variasi: Oren"
"1780167045-10","https://shopee.co.id/Mini-Smartphone-ip17pro-max-mini-Garansi-Kapasitas-baterai-2600mah-i.1355557233.43215501742?extraParams=%7B%22display_model_id%22%3A435782375347%2C%22model_selection_logic%22%3A3%7D","","Baguss bgtt gak nyesel beli disini","2025-10-30 10:47 | Variasi: Silver"
"1780167045-11","https://shopee.co.id/Mini-Smartphone-ip17pro-max-mini-Garansi-Kapasitas-baterai-2600mah-i.1355557233.43215501742?extraParams=%7B%22display_model_id%22%3A435782375347%2C%22model_selection_logic%22%3A3%7D","","","2026-04-09 10:43 | Variasi: Hitam"
"1780167045-12","https://shopee.co.id/Mini-Smartphone-ip17pro-max-mini-Garansi-Kapasitas-baterai-2600mah-i.1355557233.43215501742?extraParams=%7B%22display_model_id%22%3A435782375347%2C%22model_selection_logic%22%3A3%7D","","","2026-05-27 19:22 | Variasi: 3.0 Oren"
"1780167045-13","https://shopee.co.id/Mini-Smartphone-ip17pro-max-mini-Garansi-Kapasitas-baterai-2600mah-i.1355557233.43215501742?extraParams=%7B%22display_model_id%22%3A435782375347%2C%22model_selection_logic%22%3A3%7D","","","2025-12-20 17:23 | Variasi: Hitam"
"1780167045-14","https://shopee.co.id/Mini-Smartphone-ip17pro-max-mini-Garansi-Kapasitas-baterai-2600mah-i.1355557233.43215501742?extraParams=%7B%22display_model_id%22%3A435782375347%2C%22model_selection_logic%22%3A3%7D","","","2026-01-10 13:31 | Variasi: Silver"
"1780167045-15","https://shopee.co.id/Mini-Smartphone-ip17pro-max-mini-Garansi-Kapasitas-baterai-2600mah-i.1355557233.43215501742?extraParams=%7B%22display_model_id%22%3A435782375347%2C%22model_selection_logic%22%3A3%7D","","Barang tidak bisa di pake","2026-02-05 19:02 | Variasi: Oren"
"1780167045-16","https://shopee.co.id/Mini-Smartphone-ip17pro-max-mini-Garansi-Kapasitas-baterai-2600mah-i.1355557233.43215501742?extraParams=%7B%22display_model_id%22%3A435782375347%2C%22model_selection_logic%22%3A3%7D","","Hp nya tidak masuk jadi di charge","2026-05-13 18:21 | Variasi: 3.0 Oren"
"1780167045-17","https://shopee.co.id/Mini-Smartphone-ip17pro-max-mini-Garansi-Kapasitas-baterai-2600mah-i.1355557233.43215501742?extraParams=%7B%22display_model_id%22%3A435782375347%2C%22model_selection_logic%22%3A3%7D","","BARANG RUSAK KOK DIJUAL!
Beli pertama warna oren, oke 
Segelan semua masih baru
Lalu saya beli kedua warna silver, barang datang ngga ada segel, screen protector sudah terpasang, curiga sudah bekas rusak orang retur sebelomnya, beneran, ga bisa nyala, ga bisa di charge
Ajukan pengembalian entah kenapa hari k3 sudah ga ada pilihannya
Seller dikontak tidak mau urus, tidak tanggung jawab, jelas barang ini rusak
Jahat yah, semoga kaya raya kamu kerja model seperti ini.
Ini sudah pasti barang returan dari orang lain yang rusak dikirim ke saya","2026-01-07 11:03 | Variasi: Grey"
"1780167045-18","https://shopee.co.id/Mini-Smartphone-ip17pro-max-mini-Garansi-Kapasitas-baterai-2600mah-i.1355557233.43215501742?extraParams=%7B%22display_model_id%22%3A435782375347%2C%22model_selection_logic%22%3A3%7D","","BARANG RUSAK KOK DIJUAL!
Beli pertama warna oren, oke 
Segelan semua masih baru
Lalu saya beli kedua warna silver, barang datang ngga ada segel, screen protector sudah terpasang, curiga sudah bekas rusak orang retur sebelomnya, beneran, ga bisa nyala, ga bisa di charge
Ajukan pengembalian entah kenapa hari k3 sudah ga ada pilihannya
Seller dikontak tidak mau urus, tidak tanggung jawab, jelas barang ini rusak
Jahat yah, semoga kaya raya kamu kerja model seperti ini.
Ini sudah pasti barang returan dari orang lain yang rusak dikirim ke saya","2026-01-07 11:03 | Variasi: Oren"
"1780167045-19","https://shopee.co.id/Mini-Smartphone-ip17pro-max-mini-Garansi-Kapasitas-baterai-2600mah-i.1355557233.43215501742?extraParams=%7B%22display_model_id%22%3A435782375347%2C%22model_selection_logic%22%3A3%7D","","Hp utk anak2 sgt lucu","2026-01-12 14:40 | Variasi: Oren"
"1780167045-20","https://shopee.co.id/Mini-Smartphone-ip17pro-max-mini-Garansi-Kapasitas-baterai-2600mah-i.1355557233.43215501742?extraParams=%7B%22display_model_id%22%3A435782375347%2C%22model_selection_logic%22%3A3%7D","","Overall puas, lucu bgt gemess","2025-12-26 13:35 | Variasi: Oren"
"1780167045-21","https://shopee.co.id/Mini-Smartphone-ip17pro-max-mini-Garansi-Kapasitas-baterai-2600mah-i.1355557233.43215501742?extraParams=%7B%22display_model_id%22%3A435782375347%2C%22model_selection_logic%22%3A3%7D","","","2026-01-14 17:44 | Variasi: Hitam"
"1780167045-22","https://shopee.co.id/Mini-Smartphone-ip17pro-max-mini-Garansi-Kapasitas-baterai-2600mah-i.1355557233.43215501742?extraParams=%7B%22display_model_id%22%3A435782375347%2C%22model_selection_logic%22%3A3%7D","","thanks hpnya sudah di terima, pengiriman cepat dan anakku suka thanks kak","2025-12-27 14:19 | Variasi: Oren"
"1780167045-23","https://shopee.co.id/Mini-Smartphone-ip17pro-max-mini-Garansi-Kapasitas-baterai-2600mah-i.1355557233.43215501742?extraParams=%7B%22display_model_id%22%3A435782375347%2C%22model_selection_logic%22%3A3%7D","","Batre bocor","2026-05-29 19:40 | Variasi: 3.0 Oren"
"1780167045-24","https://shopee.co.id/Mini-Smartphone-ip17pro-max-mini-Garansi-Kapasitas-baterai-2600mah-i.1355557233.43215501742?extraParams=%7B%22display_model_id%22%3A435782375347%2C%22model_selection_logic%22%3A3%7D","","bagussss skli..smoga awet","2026-01-14 01:54 | Variasi: Oren"
"1780167045-25","https://shopee.co.id/Mini-Smartphone-ip17pro-max-mini-Garansi-Kapasitas-baterai-2600mah-i.1355557233.43215501742?extraParams=%7B%22display_model_id%22%3A435782375347%2C%22model_selection_logic%22%3A3%7D","","lucuuu","2025-11-02 19:58 | Variasi: Silver"
"1780167045-26","https://shopee.co.id/Mini-Smartphone-ip17pro-max-mini-Garansi-Kapasitas-baterai-2600mah-i.1355557233.43215501742?extraParams=%7B%22display_model_id%22%3A435782375347%2C%22model_selection_logic%22%3A3%7D","","","2025-10-31 15:21 | Variasi: Hitam"
"1780167045-27","https://shopee.co.id/Mini-Smartphone-ip17pro-max-mini-Garansi-Kapasitas-baterai-2600mah-i.1355557233.43215501742?extraParams=%7B%22display_model_id%22%3A435782375347%2C%22model_selection_logic%22%3A3%7D","","","2025-09-30 11:51 | Variasi: Silver"
"1780167045-28","https://shopee.co.id/Mini-Smartphone-ip17pro-max-mini-Garansi-Kapasitas-baterai-2600mah-i.1355557233.43215501742?extraParams=%7B%22display_model_id%22%3A435782375347%2C%22model_selection_logic%22%3A3%7D","","","2025-11-10 22:43 | Variasi: Silver"
"1780167045-29","https://shopee.co.id/Mini-Smartphone-ip17pro-max-mini-Garansi-Kapasitas-baterai-2600mah-i.1355557233.43215501742?extraParams=%7B%22display_model_id%22%3A435782375347%2C%22model_selection_logic%22%3A3%7D","","","2025-11-05 15:37 | Variasi: Gold"
"1780167045-30","https://shopee.co.id/Mini-Smartphone-ip17pro-max-mini-Garansi-Kapasitas-baterai-2600mah-i.1355557233.43215501742?extraParams=%7B%22display_model_id%22%3A435782375347%2C%22model_selection_logic%22%3A3%7D","","","2025-11-26 11:41 | Variasi: Grey"
"1780167045-31","https://shopee.co.id/Mini-Smartphone-ip17pro-max-mini-Garansi-Kapasitas-baterai-2600mah-i.1355557233.43215501742?extraParams=%7B%22display_model_id%22%3A435782375347%2C%22model_selection_logic%22%3A3%7D","","","2026-05-14 13:56 | Variasi: 3.0 Oren"
"1780167045-32","https://shopee.co.id/Mini-Smartphone-ip17pro-max-mini-Garansi-Kapasitas-baterai-2600mah-i.1355557233.43215501742?extraParams=%7B%22display_model_id%22%3A435782375347%2C%22model_selection_logic%22%3A3%7D","","","2026-05-24 19:30 | Variasi: 3.0 Oren"
"1780167045-33","https://shopee.co.id/Mini-Smartphone-ip17pro-max-mini-Garansi-Kapasitas-baterai-2600mah-i.1355557233.43215501742?extraParams=%7B%22display_model_id%22%3A435782375347%2C%22model_selection_logic%22%3A3%7D","","","2025-11-20 12:23 | Variasi: Hitam"
"1780167045-34","https://shopee.co.id/Mini-Smartphone-ip17pro-max-mini-Garansi-Kapasitas-baterai-2600mah-i.1355557233.43215501742?extraParams=%7B%22display_model_id%22%3A435782375347%2C%22model_selection_logic%22%3A3%7D","","","2025-11-29 21:38 | Variasi: Silver, Gold"
"1780167045-35","https://shopee.co.id/Mini-Smartphone-ip17pro-max-mini-Garansi-Kapasitas-baterai-2600mah-i.1355557233.43215501742?extraParams=%7B%22display_model_id%22%3A435782375347%2C%22model_selection_logic%22%3A3%7D","","","2026-05-10 16:48 | Variasi: 3.0 Oren"
"1780167045-36","https://shopee.co.id/Mini-Smartphone-ip17pro-max-mini-Garansi-Kapasitas-baterai-2600mah-i.1355557233.43215501742?extraParams=%7B%22display_model_id%22%3A435782375347%2C%22model_selection_logic%22%3A3%7D","","","2026-01-13 19:51 | Variasi: Oren"
"1780167045-37","https://shopee.co.id/Mini-Smartphone-ip17pro-max-mini-Garansi-Kapasitas-baterai-2600mah-i.1355557233.43215501742?extraParams=%7B%22display_model_id%22%3A435782375347%2C%22model_selection_logic%22%3A3%7D","","","2025-11-04 19:47 | Variasi: Hitam"
"1780167045-38","https://shopee.co.id/Mini-Smartphone-ip17pro-max-mini-Garansi-Kapasitas-baterai-2600mah-i.1355557233.43215501742?extraParams=%7B%22display_model_id%22%3A435782375347%2C%22model_selection_logic%22%3A3%7D","","","2026-05-02 10:32 | Variasi: Silver"
"1780167045-39","https://shopee.co.id/Mini-Smartphone-ip17pro-max-mini-Garansi-Kapasitas-baterai-2600mah-i.1355557233.43215501742?extraParams=%7B%22display_model_id%22%3A435782375347%2C%22model_selection_logic%22%3A3%7D","","","2025-10-15 08:01 | Variasi: Silver"
"1780167045-40","https://shopee.co.id/Mini-Smartphone-ip17pro-max-mini-Garansi-Kapasitas-baterai-2600mah-i.1355557233.43215501742?extraParams=%7B%22display_model_id%22%3A435782375347%2C%22model_selection_logic%22%3A3%7D","","","2025-10-09 23:17 | Variasi: Silver"
"1780167045-41","https://shopee.co.id/Mini-Smartphone-ip17pro-max-mini-Garansi-Kapasitas-baterai-2600mah-i.1355557233.43215501742?extraParams=%7B%22display_model_id%22%3A435782375347%2C%22model_selection_logic%22%3A3%7D","","","2026-02-14 15:09 | Variasi: Oren"
"1780167045-42","https://shopee.co.id/Mini-Smartphone-ip17pro-max-mini-Garansi-Kapasitas-baterai-2600mah-i.1355557233.43215501742?extraParams=%7B%22display_model_id%22%3A435782375347%2C%22model_selection_logic%22%3A3%7D","","","2025-11-19 23:34 | Variasi: Silver"
"1780167045-43","https://shopee.co.id/Mini-Smartphone-ip17pro-max-mini-Garansi-Kapasitas-baterai-2600mah-i.1355557233.43215501742?extraParams=%7B%22display_model_id%22%3A435782375347%2C%22model_selection_logic%22%3A3%7D","","","2026-03-17 09:47 | Variasi: Hitam"
"1780167045-44","https://shopee.co.id/Mini-Smartphone-ip17pro-max-mini-Garansi-Kapasitas-baterai-2600mah-i.1355557233.43215501742?extraParams=%7B%22display_model_id%22%3A435782375347%2C%22model_selection_logic%22%3A3%7D","","","2025-12-27 18:05 | Variasi: Oren"
"1780167045-45","https://shopee.co.id/Mini-Smartphone-ip17pro-max-mini-Garansi-Kapasitas-baterai-2600mah-i.1355557233.43215501742?extraParams=%7B%22display_model_id%22%3A435782375347%2C%22model_selection_logic%22%3A3%7D","","","2026-04-01 19:53 | Variasi: Hitam"
"1780167045-46","https://shopee.co.id/Mini-Smartphone-ip17pro-max-mini-Garansi-Kapasitas-baterai-2600mah-i.1355557233.43215501742?extraParams=%7B%22display_model_id%22%3A435782375347%2C%22model_selection_logic%22%3A3%7D","","","2025-12-30 20:09 | Variasi: Navy"
"1780167045-47","https://shopee.co.id/Mini-Smartphone-ip17pro-max-mini-Garansi-Kapasitas-baterai-2600mah-i.1355557233.43215501742?extraParams=%7B%22display_model_id%22%3A435782375347%2C%22model_selection_logic%22%3A3%7D","","","2025-10-05 17:50 | Variasi: Grey"
"1780167045-48","https://shopee.co.id/Mini-Smartphone-ip17pro-max-mini-Garansi-Kapasitas-baterai-2600mah-i.1355557233.43215501742?extraParams=%7B%22display_model_id%22%3A435782375347%2C%22model_selection_logic%22%3A3%7D","","","2026-01-07 00:33 | Variasi: Hitam"
"1780167045-49","https://shopee.co.id/Mini-Smartphone-ip17pro-max-mini-Garansi-Kapasitas-baterai-2600mah-i.1355557233.43215501742?extraParams=%7B%22display_model_id%22%3A435782375347%2C%22model_selection_logic%22%3A3%7D","","","2025-10-11 08:37 | Variasi: Gold"
"1780167045-50","https://shopee.co.id/Mini-Smartphone-ip17pro-max-mini-Garansi-Kapasitas-baterai-2600mah-i.1355557233.43215501742?extraParams=%7B%22display_model_id%22%3A435782375347%2C%22model_selection_logic%22%3A3%7D","","","2025-12-01 06:58 | Variasi: Hitam"
"1780167045-51","https://shopee.co.id/Mini-Smartphone-ip17pro-max-mini-Garansi-Kapasitas-baterai-2600mah-i.1355557233.43215501742?extraParams=%7B%22display_model_id%22%3A435782375347%2C%22model_selection_logic%22%3A3%7D","","","2026-04-17 11:43 | Variasi: Hitam"
"1780167045-52","https://shopee.co.id/Mini-Smartphone-ip17pro-max-mini-Garansi-Kapasitas-baterai-2600mah-i.1355557233.43215501742?extraParams=%7B%22display_model_id%22%3A435782375347%2C%22model_selection_logic%22%3A3%7D","","","2025-12-14 17:57 | Variasi: Silver"
"1780167045-53","https://shopee.co.id/Mini-Smartphone-ip17pro-max-mini-Garansi-Kapasitas-baterai-2600mah-i.1355557233.43215501742?extraParams=%7B%22display_model_id%22%3A435782375347%2C%22model_selection_logic%22%3A3%7D","","","2026-04-21 02:12 | Variasi: Oren"
"1780167045-54","https://shopee.co.id/Mini-Smartphone-ip17pro-max-mini-Garansi-Kapasitas-baterai-2600mah-i.1355557233.43215501742?extraParams=%7B%22display_model_id%22%3A435782375347%2C%22model_selection_logic%22%3A3%7D","","","2025-11-04 20:13 | Variasi: Silver"
"1780167045-55","https://shopee.co.id/Mini-Smartphone-ip17pro-max-mini-Garansi-Kapasitas-baterai-2600mah-i.1355557233.43215501742?extraParams=%7B%22display_model_id%22%3A435782375347%2C%22model_selection_logic%22%3A3%7D","","","2025-09-30 12:02 | Variasi: Silver"
"1780167045-56","https://shopee.co.id/Mini-Smartphone-ip17pro-max-mini-Garansi-Kapasitas-baterai-2600mah-i.1355557233.43215501742?extraParams=%7B%22display_model_id%22%3A435782375347%2C%22model_selection_logic%22%3A3%7D","","","2025-10-06 16:35 | Variasi: Hitam"
"1780167045-57","https://shopee.co.id/Mini-Smartphone-ip17pro-max-mini-Garansi-Kapasitas-baterai-2600mah-i.1355557233.43215501742?extraParams=%7B%22display_model_id%22%3A435782375347%2C%22model_selection_logic%22%3A3%7D","","","2025-09-22 20:42 | Variasi: Silver"
"1780167045-58","https://shopee.co.id/Mini-Smartphone-ip17pro-max-mini-Garansi-Kapasitas-baterai-2600mah-i.1355557233.43215501742?extraParams=%7B%22display_model_id%22%3A435782375347%2C%22model_selection_logic%22%3A3%7D","","","2025-11-10 22:55 | Variasi: Hitam"
"1780167045-59","https://shopee.co.id/Mini-Smartphone-ip17pro-max-mini-Garansi-Kapasitas-baterai-2600mah-i.1355557233.43215501742?extraParams=%7B%22display_model_id%22%3A435782375347%2C%22model_selection_logic%22%3A3%7D","","","2025-10-28 12:07 | Variasi: Silver"
"1780167045-60","https://shopee.co.id/Mini-Smartphone-ip17pro-max-mini-Garansi-Kapasitas-baterai-2600mah-i.1355557233.43215501742?extraParams=%7B%22display_model_id%22%3A435782375347%2C%22model_selection_logic%22%3A3%7D","","","2025-11-17 00:49 | Variasi: Hitam"
"1780167045-61","https://shopee.co.id/Mini-Smartphone-ip17pro-max-mini-Garansi-Kapasitas-baterai-2600mah-i.1355557233.43215501742?extraParams=%7B%22display_model_id%22%3A435782375347%2C%22model_selection_logic%22%3A3%7D","","","2025-12-30 09:09 | Variasi: Hitam"
"1780167045-62","https://shopee.co.id/Mini-Smartphone-ip17pro-max-mini-Garansi-Kapasitas-baterai-2600mah-i.1355557233.43215501742?extraParams=%7B%22display_model_id%22%3A435782375347%2C%22model_selection_logic%22%3A3%7D","","","2026-01-11 10:39 | Variasi: Oren"
"1780167045-63","https://shopee.co.id/Mini-Smartphone-ip17pro-max-mini-Garansi-Kapasitas-baterai-2600mah-i.1355557233.43215501742?extraParams=%7B%22display_model_id%22%3A435782375347%2C%22model_selection_logic%22%3A3%7D","","","2026-01-12 00:37 | Variasi: Oren"
"1780167045-64","https://shopee.co.id/Mini-Smartphone-ip17pro-max-mini-Garansi-Kapasitas-baterai-2600mah-i.1355557233.43215501742?extraParams=%7B%22display_model_id%22%3A435782375347%2C%22model_selection_logic%22%3A3%7D","","","2026-05-11 09:06 | Variasi: 3.0 Oren"
"1780167045-65","https://shopee.co.id/Mini-Smartphone-ip17pro-max-mini-Garansi-Kapasitas-baterai-2600mah-i.1355557233.43215501742?extraParams=%7B%22display_model_id%22%3A435782375347%2C%22model_selection_logic%22%3A3%7D","","","2026-05-01 10:23 | Variasi: Hitam"
"1780167045-66","https://shopee.co.id/Mini-Smartphone-ip17pro-max-mini-Garansi-Kapasitas-baterai-2600mah-i.1355557233.43215501742?extraParams=%7B%22display_model_id%22%3A435782375347%2C%22model_selection_logic%22%3A3%7D","","","2026-04-27 11:31 | Variasi: Hitam"
"1780167045-67","https://shopee.co.id/Mini-Smartphone-ip17pro-max-mini-Garansi-Kapasitas-baterai-2600mah-i.1355557233.43215501742?extraParams=%7B%22display_model_id%22%3A435782375347%2C%22model_selection_logic%22%3A3%7D","","","2026-04-16 17:12 | Variasi: Oren"
"1780167045-68","https://shopee.co.id/Mini-Smartphone-ip17pro-max-mini-Garansi-Kapasitas-baterai-2600mah-i.1355557233.43215501742?extraParams=%7B%22display_model_id%22%3A435782375347%2C%22model_selection_logic%22%3A3%7D","","","2026-05-27 13:56 | Variasi: 4.5 Hitam"
"1780167045-69","https://shopee.co.id/Mini-Smartphone-ip17pro-max-mini-Garansi-Kapasitas-baterai-2600mah-i.1355557233.43215501742?extraParams=%7B%22display_model_id%22%3A435782375347%2C%22model_selection_logic%22%3A3%7D","","","2025-09-17 12:53 | Variasi: Hitam"
"1780167045-70","https://shopee.co.id/Mini-Smartphone-ip17pro-max-mini-Garansi-Kapasitas-baterai-2600mah-i.1355557233.43215501742?extraParams=%7B%22display_model_id%22%3A435782375347%2C%22model_selection_logic%22%3A3%7D","","","2026-04-27 14:48 | Variasi: 4.5 Hitam"
"1780167045-71","https://shopee.co.id/Mini-Smartphone-ip17pro-max-mini-Garansi-Kapasitas-baterai-2600mah-i.1355557233.43215501742?extraParams=%7B%22display_model_id%22%3A435782375347%2C%22model_selection_logic%22%3A3%7D","","","2026-05-18 11:28 | Variasi: 3.0 Oren"
"1780167045-72","https://shopee.co.id/Mini-Smartphone-ip17pro-max-mini-Garansi-Kapasitas-baterai-2600mah-i.1355557233.43215501742?extraParams=%7B%22display_model_id%22%3A435782375347%2C%22model_selection_logic%22%3A3%7D","","","2026-05-18 21:52 | Variasi: 4.5 Hitam"
"1780167045-73","https://shopee.co.id/Mini-Smartphone-ip17pro-max-mini-Garansi-Kapasitas-baterai-2600mah-i.1355557233.43215501742?extraParams=%7B%22display_model_id%22%3A435782375347%2C%22model_selection_logic%22%3A3%7D","","","2026-05-07 20:46 | Variasi: 3.0 Oren"
"1780167045-74","https://shopee.co.id/Mini-Smartphone-ip17pro-max-mini-Garansi-Kapasitas-baterai-2600mah-i.1355557233.43215501742?extraParams=%7B%22display_model_id%22%3A435782375347%2C%22model_selection_logic%22%3A3%7D","","","2025-10-05 00:15 | Variasi: Grey"
"1780167045-75","https://shopee.co.id/Mini-Smartphone-ip17pro-max-mini-Garansi-Kapasitas-baterai-2600mah-i.1355557233.43215501742?extraParams=%7B%22display_model_id%22%3A435782375347%2C%22model_selection_logic%22%3A3%7D","","","2025-12-29 18:45 | Variasi: Oren"
