review_id,store_id,review_raw,timestamp_raw,store_label,review_text,review_date,split
1780196625-48,Panda_Vivo Y71,maaf baru di ulas.barangny bagus dan normal semoga awet dan tahan lama.🙏,2025-06-19,0,maaf baru di ulas barangny bagus dan normal semoga awet dan tahan lama,2025-06-19 00:00:00,train
1780196625-51,Panda_Vivo Y71,"mantap, udah pesan 2x aman, semoga terus amanah,, dan awett",2025-06-19,0,mantap udah pesan 2x aman semoga terus amanah dan awett,2025-06-19 00:00:00,train
1780196625-41,Panda_Vivo Y71,paket telah mendarat dengan aman dan cocok sesuai pesanan dan sesuai gambar,2025-07-02,0,paket telah mendarat dengan aman dan cocok sesuai pesanan dan sesuai gambar,2025-07-02 00:00:00,train
1780196625-172,Panda_Vivo Y71,mantap💖💖💖💖💖toko terpercaya bagi saya...semoga sukses..amanah truuus ya💖💖💖💖,2025-07-03,0,mantap toko terpercaya bagi saya semoga sukses amanah truuus ya,2025-07-03 00:00:00,train
1780196625-167,Panda_Vivo Y71,"packing nya rapih dan aman, pengiriman cepat
barang dalam kondisi bagus dan original dan lengkap",2025-07-05,0,packing nya rapih dan aman pengiriman cepat barang dalam kondisi bagus dan original dan lengkap,2025-07-05 00:00:00,train
1780196625-186,Panda_Vivo Y71,kualitas bagus sesuai pesanan,2025-07-05,0,kualitas bagus sesuai pesanan,2025-07-05 00:00:00,train
1780196625-201,Panda_Vivo Y71,"pengiriman tgl 25 juni dan tiba tgl 8 juli, biasanya 2-3 hari sdh nyampe, sangat mengecewakan untuk pengiriman. penjual mantap, gercep",2025-07-08,0,pengiriman tgl 25 juni dan tiba tgl 8 juli biasanya 2 3 hari sdh nyampe sangat mengecewakan untuk pengiriman penjual mantap gercep,2025-07-08 00:00:00,train
1780196625-335,Panda_Vivo Y71,Alhamdulillah.. sesuai keinginan.. barang bagus beneran baru mantap,2025-07-08,0,alhamdulillah sesuai keinginan barang bagus beneran baru mantap,2025-07-08 00:00:00,train
1780196625-160,Panda_Vivo Y71,"hp sudah sampe dan telah ku coba lumayan, dengan harga sangat murah makasih seler dan makasih buat kurirnya.",2025-07-10,0,handphone sudah sampe dan telah ku coba lumayan dengan harga sangat murah makasih penjual dan makasih buat kurirnya,2025-07-10 00:00:00,train
1780196625-183,Panda_Vivo Y71,blm d cek batre kosong sdng d isi baterai,2025-07-11,0,blm d cek batre kosong sdng d isi baterai,2025-07-11 00:00:00,train
1780196625-150,Panda_Vivo Y71,"Very recommended seller. 
Produk sesuai deskripsi, produk baru segel box, proses cepat, aman sampai di tempat saya. Sangat puas, mau pesan lagi nanti.. Terimakasih",2025-07-12,0,very recommended penjual produk sesuai deskripsi produk baru segel box proses cepat aman sampai di tempat saya sangat puas mau pesan lagi nanti terima kasih,2025-07-12 00:00:00,train
1780196625-157,Panda_Vivo Y71,"sesuai pesanan, toko nya terpecaya, pengirimannya cpt , dpt hrg murah, Hp nya bagus dan msh mulus, Alhamdulillah nyala dan aman. ga tau ini Hp bekas atw br ya soalnya di dlm dus cm ada charger sm Hp aja. uda gitu Batre Hp nya uda 100% aja. semoga awet. thanks buat toko dan kurir nya. maaf video nya ga bs terpasang saat buka paket.",2025-07-12,0,sesuai pesanan toko nya terpecaya pengirimannya cpt dapat hrg murah handphone nya bagus dan msh mulus alhamdulillah nyala dan aman tidak tau ini handphone bekas atw br ya soalnya di dlm dus cm ada charger sm handphone aja uda gitu batre handphone nya uda 100 aja semoga awet thanks buat toko dan kurir nya maaf video nya tidak bs terpasang saat buka paket,2025-07-12 00:00:00,train
1780196625-177,Panda_Vivo Y71,barangnya sudah sampai dengan selamat terima kasih?,2025-07-13,0,barangnya sudah sampai dengan selamat terima kasih,2025-07-13 00:00:00,train
1780196625-33,Panda_Vivo Y71,"mantaf sesuai iklan
HP gres mulus dan normal
pengiriman cepat
respon penjual cepat dan bersahabat
harga bersaing
makasih banget seller",2025-07-17,0,mantaf sesuai iklan handphone gres mulus dan normal pengiriman cepat respon penjual cepat dan bersahabat harga bersaing makasih banget penjual,2025-07-17 00:00:00,train
1780196625-375,Panda_Vivo Y71,saya pesanwarna biru ko Dateng nya warna putih,2025-07-21,0,saya pesanwarna biru ko dateng nya warna putih,2025-07-21 00:00:00,train
1780196625-154,Panda_Vivo Y71,oke mantul paket berfungsi dgn baik tidak ada kendala..smoga awet..recomended poko na mah hehe..trima kasih bos kuh,2025-07-22,0,oke mantul paket berfungsi dengan baik tidak ada kendala smoga awet recomended poko na mah hehe trima kasih bos kuh,2025-07-22 00:00:00,train
1780196625-187,Panda_Vivo Y71,"sesuai pesanan
smoga awet",2025-07-23,0,sesuai pesanan smoga awet,2025-07-23 00:00:00,train
1780196625-188,Panda_Vivo Y71,"barang ok
..tpi blm pakai",2025-07-23,0,barang ok tapi blm pakai,2025-07-23 00:00:00,train
1780196625-176,Panda_Vivo Y71,pesanan cepat belum di buka mudah2an sesuai,2025-08-06,0,pesanan cepat belum di buka mudah2an sesuai,2025-08-06 00:00:00,train
1780196625-320,Panda_Vivo Y71,"bagus normal semua ...sesuai dikripsi
terimakasih seler n lazada",2025-08-09,0,bagus normal semua sesuai dikripsi terima kasih penjual n lazada,2025-08-09 00:00:00,train
1780196625-181,Panda_Vivo Y71,"sangat puas,toko yg amanah",2025-08-14,0,sangat puas toko yang amanah,2025-08-14 00:00:00,train
1780196625-137,Panda_Vivo Y71,"Alhamdulillah sampenya cepet banget 
triBaru, segel, dan bergaransi, maakasih ka
respon sellernya juga cepet",2025-08-22,0,alhamdulillah sampenya cepet banget tribaru segel dan bergaransi maakasih ka respon sellernya juga cepet,2025-08-22 00:00:00,train
1780196625-22,Panda_Vivo Y71,"Pelindung kaca Gorilla Glass 3, Kamera belakang 13MP dengan lampu kilat, Desain bodi aluminium, ..
pesanan sudah di terima, barang bagus dan masih baru ( masih di segel ).. kondisi normal dan tidak ada kendala.. tokonya amanah, saya puas sekali belanja di sini..
terima kasih seller jg lazada semoga semakin sukses dan maju...!! 
😊😊🙏👍👍👍👍👍",2025-08-28,0,pelindung kaca gorilla glass 3 kamera belakang 13mp dengan lampu kilat desain bodi aluminium pesanan sudah di terima barang bagus dan masih baru masih di segel kondisi normal dan tidak ada kendala tokonya amanah saya puas sekali belanja di sini terima kasih penjual jg lazada semoga semakin sukses dan maju,2025-08-28 00:00:00,train
1780196625-350,Panda_Vivo Y71,"Desain bodi aluminium, Kapasitas baterai 3360mAh, hadeuh",2025-09-04,0,desain bodi aluminium kapasitas baterai 3360mah hadeuh,2025-09-04 00:00:00,train
1780196625-20,Panda_Vivo Y71,"Kamera belakang 13MP dengan lampu kilat, Pelindung kaca Gorilla Glass 3, masih segel kardusnya, aman tiba di tempat saya. 
saya tidak tau ini apa china made versi kw nya kah, respon layar agak delay",2025-09-05,0,kamera belakang 13mp dengan lampu kilat pelindung kaca gorilla glass 3 masih segel kardusnya aman tiba di tempat saya saya tidak tau ini apa china made versi tiruan nya kah respon layar agak delay,2025-09-05 00:00:00,train
1780196625-19,Panda_Vivo Y71,"Kapasitas baterai 3360mAh, Oke dan sangat baik",2025-09-07,0,kapasitas baterai 3360mah oke dan sangat baik,2025-09-07 00:00:00,train
1780196625-125,Panda_Vivo Y71,"Baru, segel, dan bergaransi, Kamera belakang 13MP dengan lampu kilat, Kapasitas baterai 3360mAh, Pelindung kaca Gorilla Glass 3, Desain bodi aluminium,",2025-09-08,0,baru segel dan bergaransi kamera belakang 13mp dengan lampu kilat kapasitas baterai 3360mah pelindung kaca gorilla glass 3 desain bodi aluminium,2025-09-08 00:00:00,train
1780196625-175,Panda_Vivo Y71,maksi jos tapì blom d buka,2025-09-09,0,maksi jos tapì blom d buka,2025-09-09 00:00:00,train
1780196625-158,Panda_Vivo Y71,"dah biar bintang yg berbicara..tetap amanah om,lancar jaya.aamiin",2025-09-10,0,dah biar bintang yang berbicara tetap amanah om lancar jaya aamiin,2025-09-10 00:00:00,train
1780196625-256,Panda_Vivo Y71,"Baru, segel, dan bergaransi, Pelindung kaca Gorilla Glass 3, alhamdulillah barangnya👍👍👍sukses buat toko online",2025-09-10,0,baru segel dan bergaransi pelindung kaca gorilla glass 3 alhamdulillah barangnya sukses buat toko online,2025-09-10 00:00:00,train
1780196625-269,Panda_Vivo Y71,"nyesel beli di toko ini...... knapa ga dari dulu belinya ya,,,, ok mksh moga awet ne hapenya???!",2025-09-10,0,nyesel beli di toko ini knapa tidak dari dulu belinya ya ok mksh moga awet ne hapenya,2025-09-10 00:00:00,train
1780196625-18,Panda_Vivo Y71,"Baru, segel, dan bergaransi, Kapasitas baterai 3360mAh, terimakasih kak pesanan sudah diterima dgn baik dan sesuai pesanan. hp belum di coba tapi semoga saja awet.dan g ada lecetnya😊👍🏻",2025-09-11,0,baru segel dan bergaransi kapasitas baterai 3360mah terima kasih kak pesanan sudah diterima dengan baik dan sesuai pesanan handphone belum di coba tapi semoga saja awet dan g ada lecetnya,2025-09-11 00:00:00,train
1780196625-148,Panda_Vivo Y71,"Baru, segel, dan bergaransi, order yang ke 2 barang sesuai deskripsi, pengiriman cepat",2025-09-11,0,baru segel dan bergaransi order yang ke 2 barang sesuai deskripsi pengiriman cepat,2025-09-11 00:00:00,train
1780196625-161,Panda_Vivo Y71,"Baru, segel, dan bergaransi, Kapasitas baterai 3360mAh, terimakasih",2025-09-11,0,baru segel dan bergaransi kapasitas baterai 3360mah terima kasih,2025-09-11 00:00:00,train
1780196625-124,Panda_Vivo Y71,"sudah diterima paketnya vivo Y71...kondisi hidup...semoga awet.....terimakasih, toko amanah..🙏🙏🙏",2025-09-12,0,sudah diterima paketnya vivo y71 kondisi hidup semoga awet terima kasih toko amanah,2025-09-12 00:00:00,train
1780196625-159,Panda_Vivo Y71,"Baru, segel, dan bergaransi, Desain bodi aluminium, 
mantap",2025-09-12,0,baru segel dan bergaransi desain bodi aluminium mantap,2025-09-12 00:00:00,train
1780196625-185,Panda_Vivo Y71,"Hpnya sih lumayan kalau harga murah mah.kalau ingin bagud,ya memang pasti dananya jg gde.sebenarnya banyak keluhannya,tapi aku tak mau memberikan ulasan jlek,kasihan sellernya",2025-09-12,0,hpnya sih lumayan kalau harga murah mah kalau ingin bagud ya memang pasti dananya jg gde sebenarnya banyak keluhannya tapi aku tak mau memberikan ulasan jlek kasihan sellernya,2025-09-12 00:00:00,train
1780196625-118,Panda_Vivo Y71,"Alhamdulillah barang sesuai pesanan seller amanah sangat amanah pokonya mau beli lagi nex Kamera belakang 13MP dengan lampu kilat, Baru, segel, dan bergaransi,",2025-09-13,0,alhamdulillah barang sesuai pesanan penjual amanah sangat amanah pokonya mau beli lagi nex kamera belakang 13mp dengan lampu kilat baru segel dan bergaransi,2025-09-13 00:00:00,train
1780196625-127,Panda_Vivo Y71,"Desain bodi aluminium, Kamera belakang 13MP dengan lampu kilat, Pelindung kaca Gorilla Glass 3,",2025-09-13,0,desain bodi aluminium kamera belakang 13mp dengan lampu kilat pelindung kaca gorilla glass 3,2025-09-13 00:00:00,train
1780196625-254,Panda_Vivo Y71,"Kapasitas baterai 3360mAh, Kamera belakang 13MP dengan lampu kilat, Baru, segel, dan bergaransi, Pelindung kaca Gorilla Glass 3, Desain bodi aluminium ,",2025-09-13,0,kapasitas baterai 3360mah kamera belakang 13mp dengan lampu kilat baru segel dan bergaransi pelindung kaca gorilla glass 3 desain bodi aluminium,2025-09-13 00:00:00,train
1780196625-341,Panda_Vivo Y71,oke lumayan,2025-09-14,0,oke lumayan,2025-09-14 00:00:00,train
1780196625-117,Panda_Vivo Y71,terimakasih kak seler lazada juga kurir nya yg amanah dan pada baik paket nya sesuai yg d harapkan saya sangat suka,2025-09-15,0,terima kasih kak penjual lazada juga kurir nya yang amanah dan pada baik paket nya sesuai yang d harapkan saya sangat suka,2025-09-15 00:00:00,train
1780196625-120,Panda_Vivo Y71,"Kapasitas baterai 3360mAh, Desain bodi aluminium, Pelindung kaca Gorilla Glass 3, Baru, segel, dan bergaransi,",2025-09-15,0,kapasitas baterai 3360mah desain bodi aluminium pelindung kaca gorilla glass 3 baru segel dan bergaransi,2025-09-15 00:00:00,train
1780196625-121,Panda_Vivo Y71,"Alhamdulillah.... sudah sampai di lokasi kecamatan pakis kabupaten Malang...❤️😍😁😁🇮🇩🇮🇩
paket belum di buka.. masih di simpan dulu karena belum di pakai sekarang...
pengiriman: ngeri... cepat bgt , JKT - kab. malang cuma 2 hari 😁😁😁👍, biasanya standart 3 - 4 hari... orang masih nyuci ehh..tau"" datang paketnya..., yang jualan pinter... harga di murah in di kasih diskon+ lazkoin..., 202.500 rupiah lohhh... dapet nya...hp canggih..ram gede.... Alhamdulillah 🙏🙏🙏
makasih seller....👍👍👍 manteb.. mudah ""an berkah usaha lancar... ingat sholat 5 waktu....
makasih juga buat lazada... lazada oke 👍👍",2025-09-15,0,alhamdulillah sudah sampai di lokasi kecamatan pakis kabupaten malang paket belum di buka masih di simpan dulu karena belum di pakai sekarang pengiriman ngeri cepat banget jkt kab malang cuma 2 hari biasanya standart 3 4 hari orang masih nyuci ehh tau datang paketnya yang jualan pinter harga di murah in di kasih diskon lazkoin 202 500 rupiah lohhh dapet nya handphone canggih ram gede alhamdulillah makasih penjual manteb mudah an berkah usaha lancar ingat sholat 5 waktu makasih juga buat lazada lazada oke,2025-09-15 00:00:00,train
1780196625-122,Panda_Vivo Y71,"Kapasitas baterai 3360mAh, Pelindung kaca Gorilla Glass 3, Pelindung kaca Gorilla Glass 3, Kamera belakang 13MP dengan lampu kilat,",2025-09-15,0,kapasitas baterai 3360mah pelindung kaca gorilla glass 3 pelindung kaca gorilla glass 3 kamera belakang 13mp dengan lampu kilat,2025-09-15 00:00:00,train
1780196625-139,Panda_Vivo Y71,agak lemot mungkin karena harganya murah jadi sesuai sama harga yg penting bisa nyala,2025-09-15,0,agak lambat mungkin karena harganya murah jadi sesuai sama harga yang penting bisa nyala,2025-09-15 00:00:00,train
1780196625-156,Panda_Vivo Y71,"pokoke mantaplah tokonya...makasih banyak, 
sangat amanah....",2025-09-15,0,pokoke mantaplah tokonya makasih banyak sangat amanah,2025-09-15 00:00:00,train
1780196625-165,Panda_Vivo Y71,"barang oce,trimakasih semuanya yg terlibat.trimakasih",2025-09-15,0,barang oce trimakasih semuanya yang terlibat trimakasih,2025-09-15 00:00:00,train
1780196625-348,Panda_Vivo Y71,hp bagus tapi jaringan data seluler tidak ada saya kecewa,2025-09-16,0,handphone bagus tapi jaringan data seluler tidak ada saya kecewa,2025-09-16 00:00:00,train
1780196625-116,Panda_Vivo Y71,"mantaaaaab lah hp baru masih segel, tapi agak ringan si sesuai lah dengan harga segitu,charger juga ga ori,tapi semoga awet wet wet..
Baru, segel, dan bergaransi, nanti order lg dah",2025-09-17,0,mantap lah handphone baru masih segel tapi agak ringan si sesuai lah dengan harga segitu charger juga tidak original tapi semoga awet wet wet baru segel dan bergaransi nanti order lg dah,2025-09-17 00:00:00,train
1780196625-253,Panda_Vivo Y71,"Kapasitas baterai 3360mAh, Pelindung kaca Gorilla Glass 3, Desain bodi aluminium, Kamera belakang 13MP dengan lampu kilat, Kamera belakang 13MP dengan lampu kilat, trimakasih",2025-09-17,0,kapasitas baterai 3360mah pelindung kaca gorilla glass 3 desain bodi aluminium kamera belakang 13mp dengan lampu kilat kamera belakang 13mp dengan lampu kilat trimakasih,2025-09-17 00:00:00,train
1780196625-15,Panda_Vivo Y71,"Baru, segel, dan bergaransi, Kamera belakang 13MP dengan lampu kilat, Kapasitas baterai 3360mAh,",2025-09-18,0,baru segel dan bergaransi kamera belakang 13mp dengan lampu kilat kapasitas baterai 3360mah,2025-09-18 00:00:00,train
1780196625-287,Panda_Vivo Y71,"sempurna banget dengan harga ramah banget, tanpa menguras kantong,kualitas ok.",2025-09-18,0,sempurna banget dengan harga ramah banget tanpa menguras kantong kualitas ok,2025-09-18 00:00:00,train
1780196625-119,Panda_Vivo Y71,"br sempet review
pengiriman cepat
barang mulus
kelangkapan oke
fungsi normal
cukup puas dengan pelayanan  kurir dan toko",2025-09-19,0,br sempet review pengiriman cepat barang mulus kelangkapan oke fungsi normal cukup puas dengan pelayanan kurir dan toko,2025-09-19 00:00:00,train
1780196625-128,Panda_Vivo Y71,"Baru, segel, dan bergaransi, Kamera belakang 13MP dengan lampu kilat, Desain bodi aluminium,",2025-09-19,0,baru segel dan bergaransi kamera belakang 13mp dengan lampu kilat desain bodi aluminium,2025-09-19 00:00:00,train
1780196625-248,Panda_Vivo Y71,"Pelindung kaca Gorilla Glass 3, Kamera belakang 13MP dengan lampu kilat, Desain bodi aluminium, Baru, segel, dan bergaransi, Kapasitas baterai 3360mAh,",2025-09-19,0,pelindung kaca gorilla glass 3 kamera belakang 13mp dengan lampu kilat desain bodi aluminium baru segel dan bergaransi kapasitas baterai 3360mah,2025-09-19 00:00:00,train
1780196625-97,Panda_Vivo Y71,"Kamera belakang 13MP dengan lampu kilat, Kapasitas baterai 3360mAh, Pelindung kaca Gorilla Glass 3,",2025-09-20,0,kamera belakang 13mp dengan lampu kilat kapasitas baterai 3360mah pelindung kaca gorilla glass 3,2025-09-20 00:00:00,train
1780196625-317,Panda_Vivo Y71,produk bgus cm jaringannya kok agak lemot ya?,2025-09-21,0,produk bgus cm jaringannya kok agak lambat ya,2025-09-21 00:00:00,train
1780196625-302,Panda_Vivo Y71,"Desain bodi aluminium, Kapasitas baterai 3360mAh,",2025-09-22,0,desain bodi aluminium kapasitas baterai 3360mah,2025-09-22 00:00:00,train
1780196625-329,Panda_Vivo Y71,hp bagus tp blm tahu kualitasnya,2025-09-22,0,handphone bagus tapi blm tahu kualitasnya,2025-09-22 00:00:00,train
1780196625-351,Panda_Vivo Y71,lumayan utk hrga sgitu ngecas nya lambat,2025-09-22,0,lumayan utk hrga sgitu ngecas nya lambat,2025-09-22 00:00:00,train
1780196625-367,Panda_Vivo Y71,penipu ...tifak visa masuk kartu...barang pengolahan kembali /daur ulang,2025-09-23,0,penipu tifak visa masuk kartu barang pengolahan kembali daur ulang,2025-09-23 00:00:00,train
1780196625-112,Panda_Vivo Y71,"penampilannya oke berfungsi normal, dg harga yg terjangkau bisa mendapatkan ponsel yg bagus, trimakasih 🙏",2025-09-24,0,penampilannya oke berfungsi normal dg harga yang terjangkau bisa mendapatkan ponsel yang bagus trimakasih,2025-09-24 00:00:00,train
1780196625-247,Panda_Vivo Y71,"Kamera belakangPelindung kaca Gorilla Glass 3,  13MP dengan lampu kilat, Kapasitas baterai 3360mAh, Baru, segel, dan bergaransi, Pelindung kaca Gorilla Glass 3, Desain bodi aluminium,",2025-09-24,0,kamera belakangpelindung kaca gorilla glass 3 13mp dengan lampu kilat kapasitas baterai 3360mah baru segel dan bergaransi pelindung kaca gorilla glass 3 desain bodi aluminium,2025-09-24 00:00:00,train
1780196625-283,Panda_Vivo Y71,"pesan nya Vivo y17,di kirim y55,tapi gpp lah,semoga berkah,saya terima beli ya",2025-09-24,0,pesan nya vivo y17 di kirim y55 tapi tidak apa-apa lah semoga berkah saya terima beli ya,2025-09-24 00:00:00,train
1780196625-303,Panda_Vivo Y71,Alhamdulillah datangnya lebih cepat dan amanah tokonya,2025-09-24,0,alhamdulillah datangnya lebih cepat dan amanah tokonya,2025-09-24 00:00:00,train
1780196625-111,Panda_Vivo Y71,"Alhamdulillah paket udah sampai dn hasilnya memuaskan sesuai dengan apa yg di pesan, pengirimannya juga cepat.",2025-09-25,0,alhamdulillah paket udah sampai dn hasilnya memuaskan sesuai dengan apa yang di pesan pengirimannya juga cepat,2025-09-25 00:00:00,train
1780196625-126,Panda_Vivo Y71,"Desain bodi aluminium, Baru, segel, dan bergaransi moga awet, ini lagi di pake ngetik bagus lah",2025-09-25,0,desain bodi aluminium baru segel dan bergaransi moga awet ini lagi di pake ngetik bagus lah,2025-09-25 00:00:00,train
1780196625-153,Panda_Vivo Y71,"Kapasitas baterai 3360mAhPelindung kaca Gorilla Glass 3, , 6",2025-09-25,0,kapasitas baterai 3360mahpelindung kaca gorilla glass 3 6,2025-09-25 00:00:00,train
1780196625-13,Panda_Vivo Y71,"Alhamdulillah, paket nyampe. semua lengkap dan berfungsi 👍 desainnya, bagus. ketahanan? selamat, dan sukses untuk semua👍👍👍",2025-09-26,0,alhamdulillah paket nyampe semua lengkap dan berfungsi desainnya bagus ketahanan selamat dan sukses untuk semua,2025-09-26 00:00:00,train
1780196625-163,Panda_Vivo Y71,mantap Alhamdulillah,2025-09-26,0,mantap alhamdulillah,2025-09-26 00:00:00,train
1780196625-371,Panda_Vivo Y71,barang udh nyampe.  barang nya bkn baru seken kecewa bgt,2025-09-26,0,barang udh nyampe barang nya bkn baru seken kecewa banget,2025-09-26 00:00:00,train
1780196625-28,Panda_Vivo Y71,pesanan dah mendarat dan sesuai.dan fungsi hp normal semua,2025-09-27,0,pesanan dah mendarat dan sesuai dan fungsi handphone normal semua,2025-09-27 00:00:00,train
1780196625-242,Panda_Vivo Y71,"hp SDH tiba dan SDH sy terima dlm keadaan baik dan mulus sesuai pesanan pastinya ok mantulll

baru mau dicb mudah2an awet dan tahan lm",2025-09-27,0,handphone sdh tiba dan sdh saya terima dlm keadaan baik dan mulus sesuai pesanan pastinya ok mantulll baru mau dicb mudah2an awet dan tahan lm,2025-09-27 00:00:00,train
1780196625-96,Panda_Vivo Y71,Alhamdulillah paket udah nyampe sesuai dengan pesanan bagus tapi blom di coba sih semoga awet kulir nya baik terima kasih 🙏 sukses selalu ya Bu,2025-09-28,0,alhamdulillah paket udah nyampe sesuai dengan pesanan bagus tapi blom di coba sih semoga awet kulir nya baik terima kasih sukses selalu ya bu,2025-09-28 00:00:00,train
1780196625-12,Panda_Vivo Y71,"Baru, segel, dan bergaransi, Kapasitas baterai 3360mAh, Pelindung kaca Gorilla Glass 3,",2025-09-30,0,baru segel dan bergaransi kapasitas baterai 3360mah pelindung kaca gorilla glass 3,2025-09-30 00:00:00,train
1780196625-141,Panda_Vivo Y71,"Baru, segel, dan bergaransi, Kamera belakang 13MP dengan lampu kilat,",2025-09-30,0,baru segel dan bergaransi kamera belakang 13mp dengan lampu kilat,2025-09-30 00:00:00,train
1780196625-169,Panda_Vivo Y71,"Alhamdulillah mendarat dengan selamat,",2025-09-30,0,alhamdulillah mendarat dengan selamat,2025-09-30 00:00:00,train
1780196625-230,Panda_Vivo Y71,LCD pecah,2025-09-30,0,lcd pecah,2025-09-30 00:00:00,train
1780196625-103,Panda_Vivo Y71,paket sudah diterima. kondisi retak bagian atas DAN tidak pakai plastik depan yg ada kertas hijaunya seperti yg sudah sudah saya beli. tapi tidak apa apa lah kalau memang ini bukan rejeki saya. moga lain waktu dipilihkan yg bukan / mungkin returan. terimakasih buat toko juga jasa pengirimannya.,2025-10-01,0,paket sudah diterima kondisi retak bagian atas dan tidak pakai plastik depan yang ada kertas hijaunya seperti yang sudah sudah saya beli tapi tidak apa apa lah kalau memang ini bukan rejeki saya moga lain waktu dipilihkan yang bukan mungkin returan terima kasih buat toko juga jasa pengirimannya,2025-10-01 00:00:00,train
1780196625-142,Panda_Vivo Y71,"sedikit kecewa minta warna putih 
yg dikirim hitam
mdh2an TDK ada kendala",2025-10-01,0,sedikit kecewa minta warna putih yang dikirim hitam mdh2an tdk ada kendala,2025-10-01 00:00:00,train
1780196625-243,Panda_Vivo Y71,"barang paket hp ku sudah datang dgn selamat , kurir nya ramah dan sopan , barang nya baik dan sempurna sesuai hatapan .terima kasih",2025-10-01,0,barang paket handphone ku sudah datang dengan selamat kurir nya ramah dan sopan barang nya baik dan sempurna sesuai hatapan terima kasih,2025-10-01 00:00:00,train
1780196625-298,Panda_Vivo Y71,cukup memuaskan mksh seller...pertahankan amanahnya,2025-10-01,0,cukup memuaskan mksh penjual pertahankan amanahnya,2025-10-01 00:00:00,train
1780196625-278,Panda_Vivo Y71,lumayannutk harga yg ekonimis...mudah²an awet cuma casannya nggak fungsi,2025-10-02,0,lumayannutk harga yang ekonimis mudah²an awet cuma casannya nggak fungsi,2025-10-02 00:00:00,train
1780196625-300,Panda_Vivo Y71,barang bagus mudah2an awet tks lazada dan kurirjya,2025-10-02,0,barang bagus mudah2an awet terima kasih lazada dan kurirjya,2025-10-02 00:00:00,train
1780196625-99,Panda_Vivo Y71,"barang oke sesuai pesanan dan sudah dicoba normBaru, segel, dan bergaransi, al semua mudaha mudahan awet makasih seller dan juga kurirnya 
pokonya okelahKapasitas baterai 3360mAh,",2025-10-03,0,barang oke sesuai pesanan dan sudah dicoba normbaru segel dan bergaransi al semua mudaha mudahan awet makasih penjual dan juga kurirnya pokonya okelahkapasitas baterai 3360mah,2025-10-03 00:00:00,train
1780196625-100,Panda_Vivo Y71,"barang ok kwalitas ngk kalah dg Vivo yang mahalKapasitas baterai 3360mAh,",2025-10-03,0,barang ok kwalitas ngk kalah dg vivo yang mahalkapasitas baterai 3360mah,2025-10-03 00:00:00,train
1780196625-170,Panda_Vivo Y71,Hp Nyah Ga Bisa Pasang Wahtsp,2025-10-03,0,handphone nyah tidak bisa pasang wahtsp,2025-10-03 00:00:00,train
1780196625-192,Panda_Vivo Y71,"mantap sesuai pesanan packing'a jga rapih aman,,toko jga amanah keren dah",2025-10-03,0,mantap sesuai pesanan packing a jga rapih aman toko jga amanah keren dah,2025-10-03 00:00:00,train
1780196625-294,Panda_Vivo Y71,blom dicoba hp nya tapi Alhamdulillah toko nya amanah,2025-10-04,0,blom dicoba handphone nya tapi alhamdulillah toko nya amanah,2025-10-04 00:00:00,train
1780196625-324,Panda_Vivo Y71,Tampilan dan kualitas hp bagus.,2025-10-04,0,tampilan dan kualitas handphone bagus,2025-10-04 00:00:00,train
1780196625-11,Panda_Vivo Y71,"mantap, lumayan si hpnya, wajib beli, apalagi we dapat harga 181 ribu, cod, di kirim ke daerah sumbar, tidak mengecewakan, nnti pesan lagi,",2025-10-05,0,mantap lumayan si hpnya wajib beli apalagi we dapat harga 181 ribu cod di kirim ke daerah sumbar tidak mengecewakan nnti pesan lagi,2025-10-05 00:00:00,train
1780196625-27,Panda_Vivo Y71,"pengiriman sangat cepat,kualitas Desain bodi sya suka..",2025-10-05,0,pengiriman sangat cepat kualitas desain bodi saya suka,2025-10-05 00:00:00,train
1780196625-360,Panda_Vivo Y71,"Ram cuma 3 , kartu Telkomsel tidak bs tidak terbac dengan kata lain only Wi-Fi. Kecewa campur aduk tidak bs diharapkan",2025-10-05,0,ram cuma 3 kartu telkomsel tidak bs tidak terbac dengan kata lain only wi fi kecewa campur aduk tidak bs diharapkan,2025-10-05 00:00:00,train
1780196625-94,Panda_Vivo Y71,hp nya SDH di terima dng aman. batrenya lumayan awet. harga nya juga murah . tp ada syg sedikit. hp nya meskipun ram 6 tp baru pasang beberapa aplikasi sj sudah lemot. kamera kurang jernih. kwalitas sesuai harg.,2025-10-06,0,handphone nya sdh di terima dng aman batrenya lumayan awet harga nya juga murah tapi ada syg sedikit handphone nya meskipun ram 6 tapi baru pasang beberapa aplikasi sj sudah lambat kamera kurang jernih kwalitas sesuai harg,2025-10-06 00:00:00,train
1780196625-134,Panda_Vivo Y71,"paket tlah tiba dan yang kedua kalinya,,kurir ramah dan amanah sukses selalu",2025-10-06,0,paket tlah tiba dan yang kedua kalinya kurir ramah dan amanah sukses selalu,2025-10-06 00:00:00,train
1780196625-333,Panda_Vivo Y71,mantep hp berpungsi baik 👌,2025-10-06,0,mantep handphone berpungsi baik,2025-10-06 00:00:00,train
1780196625-149,Panda_Vivo Y71,"Baru, segel, dan bergaransi, Pelindung kaca Gorilla Glass 3,",2025-10-08,0,baru segel dan bergaransi pelindung kaca gorilla glass 3,2025-10-08 00:00:00,train
1780196625-237,Panda_Vivo Y71,"Desain bodi aluminium, Kamera belakang 13MP dengan lampu kilat, Kamera belakang 13MP dengan lampu kilat, Pelindung kaca Gorilla Glass 3, Kapasitas baterai 3360mAh,",2025-10-08,0,desain bodi aluminium kamera belakang 13mp dengan lampu kilat kamera belakang 13mp dengan lampu kilat pelindung kaca gorilla glass 3 kapasitas baterai 3360mah,2025-10-08 00:00:00,train
1780196625-339,Panda_Vivo Y71,sesuai,2025-10-08,0,sesuai,2025-10-08 00:00:00,train
1780196625-10,Panda_Vivo Y71,paket aman. hanya saja baru pakai sehari udah bootlop recovery. diflash sinyal hilang. tapi nggak masalah buat eksperimen.,2025-10-09,0,paket aman hanya saja baru pakai sehari udah bootlop recovery diflash sinyal hilang tapi nggak masalah buat eksperimen,2025-10-09 00:00:00,train
1780196625-113,Panda_Vivo Y71,"Pelindung kaca Baru, segel, dan bergaransi, Gorilla Glass 3, Baru, segel, dan bergaransi,",2025-10-09,0,pelindung kaca baru segel dan bergaransi gorilla glass 3 baru segel dan bergaransi,2025-10-09 00:00:00,train
1780196625-308,Panda_Vivo Y71,saya pesan warna hitam yg d kirim gold,2025-10-09,0,saya pesan warna hitam yang d kirim gold,2025-10-09 00:00:00,train
1780196625-332,Panda_Vivo Y71,asli hp nya makasih,2025-10-09,0,asli handphone nya makasih,2025-10-09 00:00:00,train
1780196625-174,Panda_Vivo Y71,"Baru, segel, dan bergaransi, Kamera belakang 13MP dengan lampu kilat, cuma warna tdk sesuai dengan pesanan,  smg awet,pengiriman cpt, sayang produk tidak berfungsi sprt pada umumnya,  KECEWA",2025-10-10,0,baru segel dan bergaransi kamera belakang 13mp dengan lampu kilat cuma warna tdk sesuai dengan pesanan smg awet pengiriman cpt sayang produk tidak berfungsi sprt pada umumnya kecewa,2025-10-10 00:00:00,train
1780196625-8,Panda_Vivo Y71,"Alhamdulillah barang sesuai pesanan tokonya amanah hp baru segel. datang sore langsung dices, semoga aja awet terimakasih kak...Baru, segel, dan bergaransi, Kapasitas baterai 3360mAh,",2025-10-11,0,alhamdulillah barang sesuai pesanan tokonya amanah handphone baru segel datang sore langsung dices semoga aja awet terima kasih kak baru segel dan bergaransi kapasitas baterai 3360mah,2025-10-11 00:00:00,train
1780196625-83,Panda_Vivo Y71,"pembelian ke 2, ga di sangka pemakaian uda bbrp hari batre uda lemah, uda 2 hari ini ga bs lepas dari casan. sll di cas dl klo mau di pakai. kecewa bgt. Stak bgt batre klo uda 88% lngsng mati🤦🏽‍♀️, pdhl awal nya baik2 aja.",2025-10-11,0,pembelian ke 2 tidak di sangka pemakaian uda bbrp hari batre uda lemah uda 2 hari ini tidak bs lepas dari casan sll di cas dl kalau mau di pakai kecewa banget stak banget batre kalau uda 88 lngsng mati pdhl awal nya baik2 aja,2025-10-11 00:00:00,train
1780196625-131,Panda_Vivo Y71,"Baru, segel, dan bergaransi, Pelindung kaca Gorilla Glass 3, terima kasih",2025-10-11,0,baru segel dan bergaransi pelindung kaca gorilla glass 3 terima kasih,2025-10-11 00:00:00,train
1780196625-144,Panda_Vivo Y71,"Desain bodi aluminium, Kamera belakang 13MP dengan lampu kilat,",2025-10-11,0,desain bodi aluminium kamera belakang 13mp dengan lampu kilat,2025-10-11 00:00:00,train
1780196625-194,Panda_Vivo Y71,"Alhamdulillah masih di segel josssss
tokonya amanah jg di ragukan",2025-10-11,0,alhamdulillah masih di segel josssss tokonya amanah jg di ragukan,2025-10-11 00:00:00,train
1780196625-318,Panda_Vivo Y71,barang bagus sesuai yg di foto,2025-10-11,0,barang bagus sesuai yang di foto,2025-10-11 00:00:00,train
1780196625-359,Panda_Vivo Y71,"barang bagus, mulus tp ram ya nipu 
kata ya ram 8/6 lahh yg datang ram 4 wkwkwkkw
mlz order lagi. kecewa aja knp ga ap ad 😏yaaa,,,",2025-10-11,0,barang bagus mulus tapi ram ya nipu kata ya ram 8 6 lahh yang datang ram 4 wkwkwkkw mlz order lagi kecewa aja knp tidak ap ad yaaa,2025-10-11 00:00:00,train
1780196625-319,Panda_Vivo Y71,hp nya bagus nggak ad kendala,2025-10-12,0,handphone nya bagus nggak ad kendala,2025-10-12 00:00:00,train
1780196625-9,Panda_Vivo Y71,untuk sekarang udah 2hari Alhamdulillah bagussss batrei ya juga kuat mudahan mudahan bisa awet tokonya juga amanah kulirya juga amanah baik terimakasih banyak lazada sukses selalu pokoknya puassss jangan ragu bagus harga murah tapi gak murahan,2025-10-13,0,untuk sekarang udah 2hari alhamdulillah bagussss batrei ya juga kuat mudahan mudahan bisa awet tokonya juga amanah kulirya juga amanah baik terima kasih banyak lazada sukses selalu pokoknya puassss jangan ragu bagus harga murah tapi gak murahan,2025-10-13 00:00:00,train
1780196625-93,Panda_Vivo Y71,"Baru, segel, dan bergaransi, toko yg amanah... Alhamdulillah berfungsi dengan baik. sukses trus buat toko nya...mudah mudahan awet dan bermanfaat.",2025-10-13,0,baru segel dan bergaransi toko yang amanah alhamdulillah berfungsi dengan baik sukses trus buat toko nya mudah mudahan awet dan bermanfaat,2025-10-13 00:00:00,train
1780196625-152,Panda_Vivo Y71,hp nya bagus amanah penjualan nya semoga lancar trus,2025-10-13,0,handphone nya bagus amanah penjualan nya semoga lancar trus,2025-10-13 00:00:00,train
1780196625-233,Panda_Vivo Y71,"Kamera belakang 13MP dengan lampu kilat, Pelindung kaca Gorilla Glass 3,  Barang terkirim masih baru , kemasan segel & bergaransi, toko amanah,  barang yg saya pesan benar-benar  sesuai pesanan,    Hp di  coba  berfungsi dgn baik,  .untuk aplikasi WA  hrs  download dulu  ya. Terimakasih",2025-10-13,0,kamera belakang 13mp dengan lampu kilat pelindung kaca gorilla glass 3 barang terkirim masih baru kemasan segel bergaransi toko amanah barang yang saya pesan benar benar sesuai pesanan handphone di coba berfungsi dengan baik untuk aplikasi wa hrs download dulu ya terima kasih,2025-10-13 00:00:00,train
1780196625-258,Panda_Vivo Y71,"Baru, segel, dan beKapasitas baterai 3360mAh, rgaransi, Kapasitas baterai 3360mAh,",2025-10-13,0,baru segel dan bekapasitas baterai 3360mah rgaransi kapasitas baterai 3360mah,2025-10-13 00:00:00,train
1780196625-272,Panda_Vivo Y71,"Baru, segel, dan bergaransi, mantap harga terjangkau,, hp normal digunakan",2025-10-13,0,baru segel dan bergaransi mantap harga terjangkau handphone normal digunakan,2025-10-13 00:00:00,train
1780196625-246,Panda_Vivo Y71,"Baru, segel, dan bergaransi, Pelindung kaca Gorilla Glass 3, Kapasitas baterai 3360mAh,",2025-10-14,0,baru segel dan bergaransi pelindung kaca gorilla glass 3 kapasitas baterai 3360mah,2025-10-14 00:00:00,train
1780196625-145,Panda_Vivo Y71,"semua dalam keadaan bagus speaker, kamera oke moga aja awet",2025-10-15,0,semua dalam keadaan bagus speaker kamera oke moga aja awet,2025-10-15 00:00:00,train
1780196625-292,Panda_Vivo Y71,mesti baru kasih ulasan baru sempet mantaplah hp ya josss,2025-10-15,0,mesti baru kasih ulasan baru sempet mantaplah handphone ya josss,2025-10-15 00:00:00,train
1780196625-364,Panda_Vivo Y71,belum bisa digunakan tidak ada sinyal kartu SIM. cuman bisa pakai wifi,2025-10-15,0,belum bisa digunakan tidak ada sinyal kartu sim cuman bisa pakai wifi,2025-10-15 00:00:00,train
1780196625-91,Panda_Vivo Y71,"Baru, segel, dan bergaransi, Pelindung kaca Gorilla Glass 3, namun silikon plindungnya kekedean GK cocok",2025-10-16,0,baru segel dan bergaransi pelindung kaca gorilla glass 3 namun silikon plindungnya kekedean tidak cocok,2025-10-16 00:00:00,train
1780196625-92,Panda_Vivo Y71,"26 10 2025 menyatakan asli 
HP masih segelBaru, segel, dan bergaransi, Pelindung kaca Gorilla Glass 3, Kamera belakang 13MP dengan lampu kilat,",2025-10-16,0,26 10 2025 menyatakan asli handphone masih segelbaru segel dan bergaransi pelindung kaca gorilla glass 3 kamera belakang 13mp dengan lampu kilat,2025-10-16 00:00:00,train
1780196625-101,Panda_Vivo Y71,"barang sudah sampai cepet banget mudah mudahan pas dipakai gak bermasalah dan awet, terimakasih ka",2025-10-16,0,barang sudah sampai cepet banget mudah mudahan pas dipakai gak bermasalah dan awet terima kasih ka,2025-10-16 00:00:00,train
1780196625-130,Panda_Vivo Y71,"bagus.. normal mantab lah pokok nya..
seller top.. 
keri keri keri.. 😂😂😂",2025-10-16,0,bagus normal mantab lah pokok nya penjual top keri keri keri,2025-10-16 00:00:00,train
1780196625-316,Panda_Vivo Y71,"tidak sesuai pesanan tp okelah,y55 nya",2025-10-16,0,tidak sesuai pesanan tapi okelah y55 nya,2025-10-16 00:00:00,train
1780196625-321,Panda_Vivo Y71,"bagus
sesuai
penjual amanah",2025-10-16,0,bagus sesuai penjual amanah,2025-10-16 00:00:00,train
1780196625-338,Panda_Vivo Y71,lumayan bagus,2025-10-16,0,lumayan bagus,2025-10-16 00:00:00,train
1780196625-90,Panda_Vivo Y71,"Pelindung kaca Gorilla Glass 3, Baru, segel, dan bergaransi, Kamera belakang 13MP dengan lampu kilat, Kapasitas baterai 3360mAh,",2025-10-17,0,pelindung kaca gorilla glass 3 baru segel dan bergaransi kamera belakang 13mp dengan lampu kilat kapasitas baterai 3360mah,2025-10-17 00:00:00,train
1780196625-123,Panda_Vivo Y71,"Baru, segel, dan bergaransi, Desain bodi aluminium, Kapasitas baterai 3360mAh,",2025-10-17,0,baru segel dan bergaransi desain bodi aluminium kapasitas baterai 3360mah,2025-10-17 00:00:00,train
1780196625-231,Panda_Vivo Y71,"barangnya oke banget, baru pokoknya mantap, terima kasih resseler, kurir dan lazada sukses selalu..",2025-10-17,0,barangnya oke banget baru pokoknya mantap terima kasih resseler kurir dan lazada sukses selalu,2025-10-17 00:00:00,train
1780196625-232,Panda_Vivo Y71,"Baru, segel, dan bergaransi, Kamera belakang 13MP dengan lampu kilat, mntaaap barang orizinal...toko amanh kulir baik udh lngganan..barang istimewa .batrr awett.fengan pemakean wajarr...dippp pokoknya",2025-10-17,0,baru segel dan bergaransi kamera belakang 13mp dengan lampu kilat mntaaap barang orizinal toko amanh kulir baik udh lngganan barang istimewa batrr awett fengan pemakean wajarr dippp pokoknya,2025-10-17 00:00:00,train
1780196625-328,Panda_Vivo Y71,sangat kecewa ram palsu,2025-10-17,0,sangat kecewa ram palsu,2025-10-17 00:00:00,train
1780196625-135,Panda_Vivo Y71,"Kapasitas baterai 3360mAh, Baru, segel, dan bergaransi,",2025-10-18,0,kapasitas baterai 3360mah baru segel dan bergaransi,2025-10-18 00:00:00,train
1780196625-279,Panda_Vivo Y71,"MANTABB....SANGAT BAGUS, SANGAT MURAH,

TRIMAKASIH SELER...",2025-10-18,0,mantabb sangat bagus sangat murah trimakasih penjual,2025-10-18 00:00:00,train
1780196625-313,Panda_Vivo Y71,"ok hp beneran yg datang 
smoga awet",2025-10-18,0,ok handphone beneran yang datang smoga awet,2025-10-18 00:00:00,train
1780196625-227,Panda_Vivo Y71,"Alhamdulillah hp'y sudah mndarat dg slamat dan seller'y amanah semoga berkah, hp'y cantik 😍😍, putra kcil q pasti suka hadiah ini, semoga berguna untuk bljar nanti, kurir'y jg baik",2025-10-20,0,alhamdulillah handphone y sudah mndarat dg slamat dan penjual y amanah semoga berkah handphone y cantik putra kcil q pasti suka hadiah ini semoga berguna untuk bljar nanti kurir y jg baik,2025-10-20 00:00:00,train
1780196625-297,Panda_Vivo Y71,"Baru, segel, dan bergaransi,
mo beli lagi",2025-10-20,0,baru segel dan bergaransi mo beli lagi,2025-10-20 00:00:00,train
1780196625-7,Panda_Vivo Y71,"Kamera belakang 13MP dengan lampu kilat, Baru, segel, dan bergaransi, 
terimakasih tokonya sudah amanah banget 
terimakasih Lazada 
terimakasih Abang kurirnya ramahKapasitas baterai 3360mAh,",2025-10-21,0,kamera belakang 13mp dengan lampu kilat baru segel dan bergaransi terima kasih tokonya sudah amanah banget terima kasih lazada terima kasih abang kurirnya ramahkapasitas baterai 3360mah,2025-10-21 00:00:00,train
1780196625-228,Panda_Vivo Y71,"Kapasitas baterai 3360mAh, Baru, segel, dan bergaransi, Desain bodi aluminium, Kamera belakang 13MP dengan lampu kilat,",2025-10-23,0,kapasitas baterai 3360mah baru segel dan bergaransi desain bodi aluminium kamera belakang 13mp dengan lampu kilat,2025-10-23 00:00:00,train
1780196625-314,Panda_Vivo Y71,hpnya tidak bisa buka YouTube,2025-10-23,0,hpnya tidak bisa buka youtube,2025-10-23 00:00:00,train
1780196625-88,Panda_Vivo Y71,"Kamera belakang 13MP dengan lampu kilat, Pelindung kaca Gorilla Glass 3, Desain bodi aluminium, Baru, segel, dan bergaransi,",2025-10-24,0,kamera belakang 13mp dengan lampu kilat pelindung kaca gorilla glass 3 desain bodi aluminium baru segel dan bergaransi,2025-10-24 00:00:00,train
1780196625-224,Panda_Vivo Y71,"jangan ragu pilih prodak ini,,brang murah tapi bikan murahanKamera belakang 13MP dengan lampu kilat, Baru, segel, dan bergaransi,",2025-10-25,0,jangan ragu pilih prodak ini brang murah tapi bikan murahankamera belakang 13mp dengan lampu kilat baru segel dan bergaransi,2025-10-25 00:00:00,train
1780196625-275,Panda_Vivo Y71,"Baru, segel, dan bergaransi, HP y cepat panas itu saja kendalanya",2025-10-25,0,baru segel dan bergaransi handphone y cepat panas itu saja kendalanya,2025-10-25 00:00:00,train
1780196625-293,Panda_Vivo Y71,"sedikit kecewa karna barang tidak sesuai,,",2025-10-25,0,sedikit kecewa karna barang tidak sesuai,2025-10-25 00:00:00,train
1780196625-340,Panda_Vivo Y71,"HPnya... bagus... Cuman batrenya droup,dan harus diganti... semoga kedepanya lebih baik. 
Trimakasih Lazada",2025-10-26,0,hpnya bagus cuman batrenya droup dan harus diganti semoga kedepanya lebih baik trimakasih lazada,2025-10-26 00:00:00,train
1780196625-374,Panda_Vivo Y71,sekarang pengiriman jelek,2025-10-26,0,sekarang pengiriman jelek,2025-10-26 00:00:00,train
1780196625-85,Panda_Vivo Y71,pesanan sudah saya terima kondisi baik aman tapi sayang saya pesan vivo71 yang datang vivo 55ga sesuai dengan pesan padahal klo ga ada barangnya jangan  kirim atau ada pemberitauan barqng tidak ada kan lebih baik,2025-10-27,0,pesanan sudah saya terima kondisi baik aman tapi sayang saya pesan vivo71 yang datang vivo 55ga sesuai dengan pesan padahal kalau tidak ada barangnya jangan kirim atau ada pemberitauan barqng tidak ada kan lebih baik,2025-10-27 00:00:00,train
1780196625-104,Panda_Vivo Y71,"dari dusbuknya sih baru, tapi hpnya second .
sudah order kesekian kalinya tambah parah",2025-10-27,0,dari dusbuknya sih baru tapi hpnya second sudah order kesekian kalinya tambah parah,2025-10-27 00:00:00,train
1780196625-5,Panda_Vivo Y71,alhamdulillah barang nya udah sampai Reselles nya amanah banget kurir nya ramah terima kasih lazada Reselles dan mas kurir,2025-10-28,0,alhamdulillah barang nya udah sampai reselles nya amanah banget kurir nya ramah terima kasih lazada reselles dan mas kurir,2025-10-28 00:00:00,train
1780196625-276,Panda_Vivo Y71,"kualitasya bagus sesuai harapan🥰🥰🥰🥰😔
pegirmanya juga cepet",2025-10-28,0,kualitasya bagus sesuai harapan pegirmanya juga cepet,2025-10-28 00:00:00,train
1780196625-108,Panda_Vivo Y71,"barang datang dengan baik,respon penjual oc, semoga hppnya awet bisa buat langganan",2025-10-29,0,barang datang dengan baik respon penjual oc semoga hppnya awet bisa buat langganan,2025-10-29 00:00:00,train
1780196625-261,Panda_Vivo Y71,"Kamera belakang 13MP dengan lampu kilat, Baru, segel, dan bergaransi,",2025-10-29,0,kamera belakang 13mp dengan lampu kilat baru segel dan bergaransi,2025-10-29 00:00:00,train
1780196625-6,Panda_Vivo Y71,Durability:,2025-10-30,0,durability,2025-10-30 00:00:00,train
1780196625-84,Panda_Vivo Y71,"alhamdulilah,pesanan sudah datang,dan sesuai sama yg di pesan,terimakasih,untuk semuanya
tokonya amanah,dan selernya",2025-10-30,0,alhamdulilah pesanan sudah datang dan sesuai sama yang di pesan terima kasih untuk semuanya tokonya amanah dan selernya,2025-10-30 00:00:00,train
1780196625-285,Panda_Vivo Y71,pesanan sudah sampai kondisi segel semoga sesuai ramnya,2025-10-30,0,pesanan sudah sampai kondisi segel semoga sesuai ramnya,2025-10-30 00:00:00,train
1780196625-284,Panda_Vivo Y71,"Baru, segel, Kapasitas baterai 3360mAh, dan bergaransi,",2025-10-31,0,baru segel kapasitas baterai 3360mah dan bergaransi,2025-10-31 00:00:00,train
1780196625-155,Panda_Vivo Y71,belum dicoba..kok restart terus ya,2025-11-01,0,belum dicoba kok restart terus ya,2025-11-01 00:00:00,train
1780196625-221,Panda_Vivo Y71,"Desain bodi aluminium, Pelindung kaca Gorilla Glass 3, top markotop lah njos gandos pokokee.. 
👍👍👍👍👍",2025-11-01,0,desain bodi aluminium pelindung kaca gorilla glass 3 top markotop lah njos gandos pokokee,2025-11-01 00:00:00,train
1780196625-331,Panda_Vivo Y71,mantaaaafffff,2025-11-01,0,mantaaaafffff,2025-11-01 00:00:00,train
1780196625-220,Panda_Vivo Y71,"Kamera belakang 13MP dengan lampu kilat, Baru, segel, dan bergaransi, Pelindung kaca Gorilla Glass 3,",2025-11-02,0,kamera belakang 13mp dengan lampu kilat baru segel dan bergaransi pelindung kaca gorilla glass 3,2025-11-02 00:00:00,train
1780196625-291,Panda_Vivo Y71,sesuai dengan gambar semoga awet selalu,2025-11-02,0,sesuai dengan gambar semoga awet selalu,2025-11-02 00:00:00,train
1780196625-373,Panda_Vivo Y71,hp second kirain baru,2025-11-02,0,handphone second kirain baru,2025-11-02 00:00:00,train
1780196625-222,Panda_Vivo Y71,Alhamdulillah paket sudah sampai kemaren sore . sesuai gambar dan sesuai pesanan . toko nya amanah .neks order lagi,2025-11-05,0,alhamdulillah paket sudah sampai kemaren sore sesuai gambar dan sesuai pesanan toko nya amanah neks order lagi,2025-11-05 00:00:00,train
1780196625-377,Panda_Vivo Y71,minus ga bisa wa,2025-11-06,0,minus tidak bisa wa,2025-11-06 00:00:00,train
1780196625-78,Panda_Vivo Y71,"Alhamdulillah paket datang dengan selamat,ini pesenan ke 2kalinya, tokonya amanah banget 
sukses terus buat toko ini , terimakasih",2025-11-08,0,alhamdulillah paket datang dengan selamat ini pesenan ke 2kalinya tokonya amanah banget sukses terus buat toko ini terima kasih,2025-11-08 00:00:00,train
1780196625-4,Panda_Vivo Y71,"Alhamdulillah barang pesanan sudah di terima, real pict,Baru, segel, dan bergaransi, Kamera belakang 13MP dengan lampu kilat,dapat harga murah tai barang bagus,yang lain jangan ragu beli di toko ini. hatur nuhun seler, tks kang kurir, tks lazada.",2025-11-10,0,alhamdulillah barang pesanan sudah di terima real pict baru segel dan bergaransi kamera belakang 13mp dengan lampu kilat dapat harga murah tai barang bagus yang lain jangan ragu beli di toko ini hatur nuhun penjual terima kasih kang kurir terima kasih lazada,2025-11-10 00:00:00,train
1780196625-369,Panda_Vivo Y71,sudah sampai ram 4 bukan 6 sistem jadul,2025-11-10,0,sudah sampai ram 4 bukan 6 sistem jadul,2025-11-10 00:00:00,train
1780196625-266,Panda_Vivo Y71,"barang udah saya trmsk dengan aman, semoga awet, trmksh, 👍👍",2025-11-11,0,barang udah saya trmsk dengan aman semoga awet trmksh,2025-11-11 00:00:00,train
1780196625-106,Panda_Vivo Y71,"terimakasih paket datang dengan selamat 
semuanya bagus 
terimakasih",2025-11-12,0,terima kasih paket datang dengan selamat semuanya bagus terima kasih,2025-11-12 00:00:00,train
1780196625-147,Panda_Vivo Y71,hp y ok . ga kecewa blnja di toko ini. trmksih,2025-11-13,0,handphone y ok tidak kecewa blnja di toko ini trmksih,2025-11-13 00:00:00,train
1780196625-226,Panda_Vivo Y71,"Pelindung kaca Gorilla Glass 3, Desain bodi aluminium, Kamera belakang 13MP dengan lampu kilat,",2025-11-13,0,pelindung kaca gorilla glass 3 desain bodi aluminium kamera belakang 13mp dengan lampu kilat,2025-11-13 00:00:00,train
1780196625-296,Panda_Vivo Y71,pengiriman cepat respon bagus,2025-11-13,0,pengiriman cepat respon bagus,2025-11-13 00:00:00,train
1780196625-259,Panda_Vivo Y71,"Kapasitas baterai 3360mAh, Pelindung kaca Gorilla Glass 3,",2025-11-16,0,kapasitas baterai 3360mah pelindung kaca gorilla glass 3,2025-11-16 00:00:00,train
1780196625-260,Panda_Vivo Y71,"terimakasih, pesanan sudah sampai, produk sesuai pesanan...",2025-11-16,0,terima kasih pesanan sudah sampai produk sesuai pesanan,2025-11-16 00:00:00,train
1780196625-323,Panda_Vivo Y71,sangat bagus,2025-11-16,0,sangat bagus,2025-11-16 00:00:00,train
1780196625-95,Panda_Vivo Y71,alham dulilah barang udah sapi dan aman makasih lazada.. mantul mantap betull,2025-11-17,0,alham dulilah barang udah sapi dan aman makasih lazada mantul mantap betull,2025-11-17 00:00:00,train
1780196625-216,Panda_Vivo Y71,"Kamera belakang 13MP dengan lampu kilat, Kapasitas baterai 3360mAh, Pelindung kaca Gorilla Glass 3, Baru, segel, dan bergaransi,",2025-11-18,0,kamera belakang 13mp dengan lampu kilat kapasitas baterai 3360mah pelindung kaca gorilla glass 3 baru segel dan bergaransi,2025-11-18 00:00:00,train
1780196625-250,Panda_Vivo Y71,"Baru, segel, dan bergaransi, Kamera belakang 13MP dengan lampu kilat, mntap",2025-11-18,0,baru segel dan bergaransi kamera belakang 13mp dengan lampu kilat mntap,2025-11-18 00:00:00,train
1780196625-325,Panda_Vivo Y71,ok,2025-11-18,0,ok,2025-11-18 00:00:00,train
1780196625-77,Panda_Vivo Y71,Kompatibilitas:,2025-11-19,0,kompatibilitas,2025-11-19 00:00:00,train
1780196625-376,Panda_Vivo Y71,sinyal nga ada,2025-11-20,0,sinyal nga ada,2025-11-20 00:00:00,train
1780196625-270,Panda_Vivo Y71,"barang datang sesuai,,makasih semoga berkah usaha nya",2025-11-22,0,barang datang sesuai makasih semoga berkah usaha nya,2025-11-22 00:00:00,train
1780196625-368,Panda_Vivo Y71,"HP nya ga jalan konek tor yah ga jalan 
sangat kecewa",2025-11-22,0,handphone nya tidak jalan konek tor yah tidak jalan sangat kecewa,2025-11-22 00:00:00,train
1780196625-162,Panda_Vivo Y71,ya bagus membantu,2025-11-23,0,ya bagus membantu,2025-11-23 00:00:00,train
1780196625-282,Panda_Vivo Y71,makasih dah d trima mantap sesuai harga,2025-11-24,0,makasih dah d trima mantap sesuai harga,2025-11-24 00:00:00,train
1780196625-70,Panda_Vivo Y71,maaf baru kasi ulasan.. soalnya mau di tes dl.. walaupun sempat ada kendala sedikit tpi masih bisa di atasi.. hp nya bagus.. udah sebulan di maenin bocah masih aman2 aja ..mau pesan lagi... terima kasih.. semoga tokonya berkah..Aamiin🙏🥰🥰,2025-11-26,0,maaf baru kasi ulasan soalnya mau di tes dl walaupun sempat ada kendala sedikit tapi masih bisa di atasi handphone nya bagus udah sebulan di maenin bocah masih aman2 aja mau pesan lagi terima kasih semoga tokonya berkah aamiin,2025-11-26 00:00:00,train
1780196625-71,Panda_Vivo Y71,"Baru, segel, dan bergaransi, Desain bodi aluminium, tokonya amanah,Terimakasi bang kurir/Lazada,walau ada minesnya toksrinnya retak,tpi engga ngaruh.",2025-11-28,0,baru segel dan bergaransi desain bodi aluminium tokonya amanah terimakasi bang kurir lazada walau ada minesnya toksrinnya retak tapi engga ngaruh,2025-11-28 00:00:00,train
1780196625-72,Panda_Vivo Y71,"Baru, segel, dan bergaransi, Desain bodi aluminium, Kamera belakang 13MP dengan lampu kilat, Pelindung kaca Gorilla Glass 3,",2025-11-28,0,baru segel dan bergaransi desain bodi aluminium kamera belakang 13mp dengan lampu kilat pelindung kaca gorilla glass 3,2025-11-28 00:00:00,train
1780196625-73,Panda_Vivo Y71,"awalnya takut pesan, takut zonk.
 tapi ternyata barang sesuai pesanan dan aman.
terimakasih min.. jaya terus..",2025-11-28,0,awalnya takut pesan takut zonk tapi ternyata barang sesuai pesanan dan aman terima kasih min jaya terus,2025-11-28 00:00:00,train
1780196625-79,Panda_Vivo Y71,"Pelindung kaca Gorilla Glass 3, Kamera belakang 13MP dengan lampu kilat, Desain bodi aluminium,",2025-11-28,0,pelindung kaca gorilla glass 3 kamera belakang 13mp dengan lampu kilat desain bodi aluminium,2025-11-28 00:00:00,train
1780196625-290,Panda_Vivo Y71,"sesuai,cm GK ada hansfree kak",2025-11-28,0,sesuai cm tidak ada hansfree kak,2025-11-28 00:00:00,train
1780196625-352,Panda_Vivo Y71,keren,2025-11-28,0,keren,2025-11-28 00:00:00,train
1780196625-69,Panda_Vivo Y71,"Pelindung kaca Gorilla Glass 3, Baru, segel, dan bergaransi, bagus terimakasi lazada sm abg kurirnya Amanah. maaf bru ngasih ulasan🤗",2025-11-29,0,pelindung kaca gorilla glass 3 baru segel dan bergaransi bagus terimakasi lazada sm abg kurirnya amanah maaf bru ngasih ulasan,2025-11-29 00:00:00,train
1780196625-75,Panda_Vivo Y71,"mantap sekali barang masih baru lan sesuai gambar.
yg mau order di toko ini jangan ragu ya",2025-11-29,0,mantap sekali barang masih baru lan sesuai gambar yang mau order di toko ini jangan ragu ya,2025-11-29 00:00:00,train
1780196625-213,Panda_Vivo Y71,"Kamera belakang 13MP dengan lampu kilat, Kapasitas baterai 3360mAh, Baru, segel, dan bergaransi, Desain bodi aluminium, Pelindung kaca Gorilla Glass 3,",2025-11-29,0,kamera belakang 13mp dengan lampu kilat kapasitas baterai 3360mah baru segel dan bergaransi desain bodi aluminium pelindung kaca gorilla glass 3,2025-11-29 00:00:00,train
1780196625-240,Panda_Vivo Y71,"Kamera belakang 13MP dengan lampu kilat, Pelindung kaca Gorilla Glass 3,",2025-11-29,0,kamera belakang 13mp dengan lampu kilat pelindung kaca gorilla glass 3,2025-11-29 00:00:00,train
1780196625-214,Panda_Vivo Y71,"Kapasitas baterai 3360mAh, Kamera belakang 13MP dengan lampu kilat, Baru, segel, dan bergaransi, Desain bodi aluminium, Pelindung kaca Gorilla Glass 3,",2025-11-30,0,kapasitas baterai 3360mah kamera belakang 13mp dengan lampu kilat baru segel dan bergaransi desain bodi aluminium pelindung kaca gorilla glass 3,2025-11-30 00:00:00,train
1780196625-218,Panda_Vivo Y71,"Kapasitas baterai 3360mAh, Desain bodi aluminium, Kamera belakang 13MP dengan lampu kilat,",2025-11-30,0,kapasitas baterai 3360mah desain bodi aluminium kamera belakang 13mp dengan lampu kilat,2025-11-30 00:00:00,train
1780196625-66,Panda_Vivo Y71,"terimakasi utk toko nya yg amanah. 
kmi sagat puas dgn kualitas nya yg sagat bagus utk lazada terimakasi.",2025-12-02,0,terimakasi utk toko nya yang amanah kmi sagat puas dengan kualitas nya yang sagat bagus utk lazada terimakasi,2025-12-02 00:00:00,train
1780196625-311,Panda_Vivo Y71,"tdk 
sesuai dengan gambar ram 6 ternyata cumak ram 4
lasada sudah lain dengan dulu. Toko nya banyak yang tdk bonapit",2025-12-05,0,tdk sesuai dengan gambar ram 6 ternyata cumak ram 4 lasada sudah lain dengan dulu toko nya banyak yang tdk bonapit,2025-12-05 00:00:00,train
1780196625-274,Panda_Vivo Y71,mksh seller Amanah sesuai deskripsi mntap,2025-12-06,0,mksh penjual amanah sesuai deskripsi mntap,2025-12-06 00:00:00,train
1780196625-361,Panda_Vivo Y71,knapa hp nya ga sesuai malah ga bisa di pake apa apa di daptarin juga susah,2025-12-06,0,knapa handphone nya tidak sesuai malah tidak bisa di pake apa apa di daptarin juga susah,2025-12-06 00:00:00,train
1780196625-208,Panda_Vivo Y71,"barang datang sesuai pesan pengirimannya cepat. Kapasitas baterai 3360mAh, Pelindung kaca Gorilla Glass 3, Baru, segel, dan bergaransi, makasih seller udah amanah makasih juga buat lazada mas kurirnya",2025-12-08,0,barang datang sesuai pesan pengirimannya cepat kapasitas baterai 3360mah pelindung kaca gorilla glass 3 baru segel dan bergaransi makasih penjual udah amanah makasih juga buat lazada mas kurirnya,2025-12-08 00:00:00,train
1780196625-304,Panda_Vivo Y71,semoga awet,2025-12-08,0,semoga awet,2025-12-08 00:00:00,train
1780196625-74,Panda_Vivo Y71,"berpungsi dengan baik mksh Baru, segel, dan bergaransi,",2025-12-09,0,berpungsi dengan baik mksh baru segel dan bergaransi,2025-12-09 00:00:00,train
1780196625-197,Panda_Vivo Y71,minta hitam datang putih,2025-12-10,0,minta hitam datang putih,2025-12-10 00:00:00,train
1780196625-209,Panda_Vivo Y71,"hpnya sudah sampai dgn selamat, kurirnya ramah dan ikut bantu buatkan video unboxing, meskipun hpnya  keluaran 2019 tapi masih baru disegel dan bagus sesuai pesanan Vivo Y66,terima kasih seller sudah amanah",2025-12-10,0,hpnya sudah sampai dengan selamat kurirnya ramah dan ikut bantu buatkan video unboxing meskipun hpnya keluaran 2019 tapi masih baru disegel dan bagus sesuai pesanan vivo y66 terima kasih penjual sudah amanah,2025-12-10 00:00:00,train
1780196625-273,Panda_Vivo Y71,"Baru, 

android 6",2025-12-10,0,baru android 6,2025-12-10 00:00:00,train
1780196625-306,Panda_Vivo Y71,goodjob,2025-12-10,0,goodjob,2025-12-10 00:00:00,train
1780196625-210,Panda_Vivo Y71,bagus Ade saya suka,2025-12-12,0,bagus ade saya suka,2025-12-12 00:00:00,train
1780196625-301,Panda_Vivo Y71,hp nya sesuai,2025-12-12,0,handphone nya sesuai,2025-12-12 00:00:00,train
1780196625-305,Panda_Vivo Y71,brang ok,2025-12-12,0,brang ok,2025-12-12 00:00:00,train
1780196625-307,Panda_Vivo Y71,sangat baik,2025-12-12,0,sangat baik,2025-12-12 00:00:00,train
1780196625-81,Panda_Vivo Y71,"berjalan lancar, semoga awet... 
pengiriman sangat amat cepat sekalii....",2025-12-13,0,berjalan lancar semoga awet pengiriman sangat amat cepat sekalii,2025-12-13 00:00:00,train
1780196625-207,Panda_Vivo Y71,"tampilan bagus sekali,kualitas kurang baik, awalnya baik setelah lama nyala hp panas langsung hilang,",2025-12-13,0,tampilan bagus sekali kualitas kurang baik awalnya baik setelah lama nyala handphone panas langsung hilang,2025-12-13 00:00:00,train
1780196625-215,Panda_Vivo Y71,"Baru, segel, dan bergaransi, Pelindung kaca Gorilla Glass 3,Pelindung kaca Gorilla Glass 3,",2025-12-14,0,baru segel dan bergaransi pelindung kaca gorilla glass 3 pelindung kaca gorilla glass 3,2025-12-14 00:00:00,train
1780196625-349,Panda_Vivo Y71,changer nya mati,2025-12-14,0,changer nya mati,2025-12-14 00:00:00,train
1780196625-229,Panda_Vivo Y71,baru tau kalau vivo ada kw nya tapi untuk harga swgitu murah lah terimakasih,2025-12-15,0,baru tau kalau vivo ada tiruan nya tapi untuk harga swgitu murah lah terima kasih,2025-12-15 00:00:00,train
1780196625-205,Panda_Vivo Y71,"alhamdulilah, paketnya udah sampai dan barangnya asli dan baru, trimakasi yang punya toko dan lazada sukses selalu",2025-12-18,0,alhamdulilah paketnya udah sampai dan barangnya asli dan baru trimakasi yang punya toko dan lazada sukses selalu,2025-12-18 00:00:00,train
1780196625-206,Panda_Vivo Y71,"mantap tafi nya panik jaringan nya melalui wfi, gatau nya ada pengaturan nya, srkarang fah normal, mamtap, toko nya amanah.",2025-12-18,0,mantap tafi nya panik jaringan nya melalui wfi gatau nya ada pengaturan nya srkarang fah normal mamtap toko nya amanah,2025-12-18 00:00:00,train
1780196625-76,Panda_Vivo Y71,"lumayan bagus,cuman pengen yg warna hitam datang malah warna silver,ok gpp semoga awet",2025-12-19,0,lumayan bagus cuman pengen yang warna hitam datang malah warna silver ok tidak apa-apa semoga awet,2025-12-19 00:00:00,train
1780196625-115,Panda_Vivo Y71,"sangat puas,barang sesuai pesanan. mksh ka",2025-12-19,0,sangat puas barang sesuai pesanan mksh ka,2025-12-19 00:00:00,train
1780196625-140,Panda_Vivo Y71,barang sesuai amanah,2025-12-19,0,barang sesuai amanah,2025-12-19 00:00:00,train
1780196625-166,Panda_Vivo Y71,hapenyasi baru luarnya aja dalemnyasi rongsok jualan apa mau nipu konsumen KECEWA saya booss,2025-12-19,0,hapenyasi baru luarnya aja dalemnyasi rongsok jualan apa mau nipu konsumen kecewa saya booss,2025-12-19 00:00:00,train
1780196625-372,Panda_Vivo Y71,ram 6 yg datang ram 4,2025-12-19,0,ram 6 yang datang ram 4,2025-12-19 00:00:00,train
1780196625-212,Panda_Vivo Y71,"Baru, segel, dan bergaransi, Pelindung kaca Gorilla Glass 3, HP bagus dan murah, terimakasih 🙏",2025-12-20,0,baru segel dan bergaransi pelindung kaca gorilla glass 3 handphone bagus dan murah terima kasih,2025-12-20 00:00:00,train
1780196625-217,Panda_Vivo Y71,"Pelindung kaca Gorilla Glass 3, Desain bodi aluminium, Baru, segel, dan bergaransi,",2025-12-20,0,pelindung kaca gorilla glass 3 desain bodi aluminium baru segel dan bergaransi,2025-12-20 00:00:00,train
1780196867-109,PinDuoDuo Y17 Ram,Semoga barang awet,"2026-01-27 12:11 | Variasi: Biru,4/128",1,semoga barang awet,2026-01-27 12:11:00,train
1780196867-113,PinDuoDuo Y17 Ram,bagus alhamdulilah reseler amanah cuma mau upload video ke panjangan jdi cuma bisa foto,"2026-01-27 15:48 | Variasi: Biru Muda,6/128",1,bagus alhamdulilah reseler amanah cuma mau upload video ke panjangan jdi cuma bisa foto,2026-01-27 15:48:00,train
1780196867-68,PinDuoDuo Y17 Ram,Bagus banget. Berfungsi normal. Semoga awet. Belikan orang tua,"2026-01-27 17:45 | Variasi: Biru,6/128",1,bagus banget berfungsi normal semoga awet belikan orang tua,2026-01-27 17:45:00,train
1780196867-110,PinDuoDuo Y17 Ram,Udh ke3x order dsini.ssmuanya ok,"2026-01-28 09:50 | Variasi: Biru Muda,6/128",1,udh ke3x order dsini ssmuanya ok,2026-01-28 09:50:00,train
1780196867-1,PinDuoDuo Y17 Ram,Alhamdulillah udah kedua kalinya order HP di toko ini barang nya bagus dan ori tokonya amanah terimakasih,"2026-01-29 14:15 | Variasi: Biru Muda,8/256",1,alhamdulillah udah kedua kalinya order handphone di toko ini barang nya bagus dan original tokonya amanah terima kasih,2026-01-29 14:15:00,train
1780196867-44,PinDuoDuo Y17 Ram,"Hp kw setelah cek imei gak terdaftar di vivo
Kirain ori","2026-01-29 23:11 | Variasi: Biru Muda,8/256",1,handphone tiruan setelah cek imei gak terdaftar di vivo kirain original,2026-01-29 23:11:00,train
1780196867-99,PinDuoDuo Y17 Ram,"hp nya bagus ..anak saya suka banget 
semoga hp nya awet... terima kasih shoppe","2026-01-31 20:41 | Variasi: Biru Muda,8/256",1,handphone nya bagus anak saya suka banget semoga handphone nya awet terima kasih shoppe,2026-01-31 20:41:00,train
1780196867-11,PinDuoDuo Y17 Ram,"bagus banget, rekomen sekali toko ini, semoga selalu amanah ya, respon penjualnya juga cepat dan baik banget","2026-02-01 06:37 | Variasi: Pink,8/256",1,bagus banget rekomen sekali toko ini semoga selalu amanah ya respon penjualnya juga cepat dan baik banget,2026-02-01 06:37:00,train
1780196867-46,PinDuoDuo Y17 Ram,Better bisa dipake untuk anak sekolah,"2026-02-02 08:30 | Variasi: Biru Muda,6/128",1,better bisa dipake untuk anak sekolah,2026-02-02 08:30:00,train
1780196867-62,PinDuoDuo Y17 Ram,Terima kasih seller dan shopee barangnya sudah sampai sesuai deskripsi,"2026-02-04 14:10 | Variasi: Biru Muda,8/256",1,terima kasih penjual dan shopee barangnya sudah sampai sesuai deskripsi,2026-02-04 14:10:00,train
1780196867-98,PinDuoDuo Y17 Ram,Bagus semoga awet 👍,"2026-02-06 17:35 | Variasi: Biru Muda,8/256",1,bagus semoga awet,2026-02-06 17:35:00,train
1780196867-36,PinDuoDuo Y17 Ram,packingnya aman bgt jadi ga takut ke bantjng2,"2026-02-06 21:57 | Variasi: Biru,8/256",1,packingnya aman banget jadi tidak takut ke bantjng2,2026-02-06 21:57:00,train
1780196867-16,PinDuoDuo Y17 Ram,barang bagus no kendala dan murah,"2026-02-06 22:01 | Variasi: Biru Muda,8/256",1,barang bagus no kendala dan murah,2026-02-06 22:01:00,train
1780196867-43,PinDuoDuo Y17 Ram,"Barang sampri dengan selamat, terima kasih buat tokonya, semoga jaya selalau","2026-02-08 09:16 | Variasi: Pink,8/256",1,barang sampri dengan selamat terima kasih buat tokonya semoga jaya selalau,2026-02-08 09:16:00,train
1780196867-27,PinDuoDuo Y17 Ram,Barang sudah sampai di rumah aman barang dicek normal semua kwalitas bagus harga murah nanti mau ambil lgi,"2026-02-08 19:12 | Variasi: Biru Muda,8/256",1,barang sudah sampai di rumah aman barang dicek normal semua kwalitas bagus harga murah nanti mau ambil lgi,2026-02-08 19:12:00,train
1780196867-32,PinDuoDuo Y17 Ram,"Alhmdulillah barang smpai dlm keadaan baik.normal.. Lengkap. Toko amanah.. 
.","2026-02-09 15:10 | Variasi: Biru,8/256",1,alhmdulillah barang smpai dlm keadaan baik normal lengkap toko amanah,2026-02-09 15:10:00,train
1780196867-96,PinDuoDuo Y17 Ram,"Kapasitas tidak sesuai dengan yg ada di gambar, mudah-mudahan awet.","2026-02-09 15:47 | Variasi: Biru,8/256",1,kapasitas tidak sesuai dengan yang ada di gambar mudah mudahan awet,2026-02-09 15:47:00,train
1780196867-28,PinDuoDuo Y17 Ram,Tidak ada stiker tanda baru atas layar.temperglass sudah terpasang,"2026-02-09 16:52 | Variasi: Biru Muda,8/256",1,tidak ada stiker tanda baru atas layar temperglass sudah terpasang,2026-02-09 16:52:00,train
1780196867-60,PinDuoDuo Y17 Ram,pelapak amanah jangan ragu beli d sini...,"2026-02-10 12:34 | Variasi: Biru Muda,8/256",1,pelapak amanah jangan ragu beli d sini,2026-02-10 12:34:00,train
1780196867-80,PinDuoDuo Y17 Ram,Warna sesuai pink. Tidak kecewa pas ramah di kantong,"2026-02-10 22:23 | Variasi: Pink,8/256",1,warna sesuai pink tidak kecewa pas ramah di kantong,2026-02-10 22:23:00,train
1780196867-20,PinDuoDuo Y17 Ram,Fitur mantap dilengkapi fingerprint,"2026-02-11 18:08 | Variasi: Biru Muda,8/256",1,fitur mantap dilengkapi fingerprint,2026-02-11 18:08:00,train
1780196867-91,PinDuoDuo Y17 Ram,"Hp bagus suka sama toko ini amanah,saya pesan 1 lagi","2026-02-12 01:32 | Variasi: Biru Muda,8/256",1,handphone bagus suka sama toko ini amanah saya pesan 1 lagi,2026-02-12 01:32:00,train
1780196867-119,PinDuoDuo Y17 Ram,"Bagus barang nya baru bukan seken ,,,jgn ragu y belanja di sini anak saya suka bnget","2026-02-12 06:02 | Variasi: Biru,8/256",1,bagus barang nya baru bukan seken jgn ragu y belanja di sini anak saya suka bnget,2026-02-12 06:02:00,train
1780196867-74,PinDuoDuo Y17 Ram,"Terima kasih kak hp nya berpungsi dengan baik, terimakasih telah amanah semoga makin lancar kak usahanya,,,🤲","2026-02-12 10:29 | Variasi: Biru Muda,8/256",1,terima kasih kak handphone nya berpungsi dengan baik terima kasih telah amanah semoga makin lancar kak usahanya,2026-02-12 10:29:00,train
1780196867-71,PinDuoDuo Y17 Ram,Terimakasih barangx udh smpai sesuai dgn deskripsi packingan sngat aman ok mantapss🥰,"2026-02-13 20:23 | Variasi: Biru Muda,6/128",1,terima kasih barangx udh smpai sesuai dengan deskripsi packingan sngat aman ok mantapss,2026-02-13 20:23:00,train
1780196867-17,PinDuoDuo Y17 Ram,Secara keseluruhan bagus .. berfungsi .. good pokoke,"2026-02-15 02:29 | Variasi: Biru,8/256",1,secara keseluruhan bagus berfungsi good pokoke,2026-02-15 02:29:00,train
1780196867-24,PinDuoDuo Y17 Ram,Terima kasih seller dan kurir,"2026-02-15 09:50 | Variasi: Merah,8/256",1,terima kasih penjual dan kurir,2026-02-15 09:50:00,train
1780196867-103,PinDuoDuo Y17 Ram,Hp  Vivo SDH sampai dpt harga bersahabat.langsung dipake anak.semoga awet,"2026-02-15 19:32 | Variasi: Biru,8/256",1,handphone vivo sdh sampai dapat harga bersahabat langsung dipake anak semoga awet,2026-02-15 19:32:00,train
1780196867-108,PinDuoDuo Y17 Ram,"Barang sesuai dg live, sangat bagus gak rugi dg harga sangat murah. Kwalitas ORI","2026-02-16 13:42 | Variasi: Biru Muda,8/256",1,barang sesuai dg live sangat bagus gak rugi dg harga sangat murah kwalitas original,2026-02-16 13:42:00,train
1780196867-48,PinDuoDuo Y17 Ram,"Tadinya sempet ragu,alhamdulillah bgitu sampai barang nya bagus dan berguna","2026-02-16 16:34 | Variasi: Biru,8/256",1,tadinya sempet ragu alhamdulillah bgitu sampai barang nya bagus dan berguna,2026-02-16 16:34:00,train
1780196867-77,PinDuoDuo Y17 Ram,barang sudah sampe kak tapi Vidio saya tidak bisa diupload jadi saya kirim foto saja disini,"2026-02-17 08:50 | Variasi: Pink,8/256",1,barang sudah sampe kak tapi vidio saya tidak bisa diupload jadi saya kirim foto saja disini,2026-02-17 08:50:00,train
1780196867-31,PinDuoDuo Y17 Ram,Alhamdulillah pesanan telah sampai kualitas pesanan sesuai ekspektasi,"2026-02-17 18:21 | Variasi: Biru,8/256",1,alhamdulillah pesanan telah sampai kualitas pesanan sesuai ekspektasi,2026-02-17 18:21:00,train
1780196867-40,PinDuoDuo Y17 Ram,"Sesuai pesanan warna, bagus dan hp baru... Gak sia² belanja di di tokoh ini barangnya benar dengan yang di pesan","2026-02-20 16:53 | Variasi: Pink,8/256",1,sesuai pesanan warna bagus dan handphone baru gak sia² belanja di di tokoh ini barangnya benar dengan yang di pesan,2026-02-20 16:53:00,train
1780196867-82,PinDuoDuo Y17 Ram,"Sesuai dengan ekspektasi semoga bisa awet..
Gak sengaja ternyata sudah 2x pesan disini.. toko baik selalu memperhatikan feedback dr pembeli","2026-02-20 23:49 | Variasi: Merah,8/256, Biru Muda,8/256",1,sesuai dengan ekspektasi semoga bisa awet gak sengaja ternyata sudah 2x pesan disini toko baik selalu memperhatikan feedback dr pembeli,2026-02-20 23:49:00,train
1780196867-75,PinDuoDuo Y17 Ram,"Semoga awet, dan bisa order lagi","2026-02-21 14:25 | Variasi: Pink,8/256",1,semoga awet dan bisa order lagi,2026-02-21 14:25:00,train
1780196867-7,PinDuoDuo Y17 Ram,Alhamdulillah paket sudah tiba dan sesuai pesanan Peking aman anti goncangan dan berfungsi dengan baik. Semoga awet,"2026-02-21 15:53 | Variasi: Pink,8/256",1,alhamdulillah paket sudah tiba dan sesuai pesanan peking aman anti goncangan dan berfungsi dengan baik semoga awet,2026-02-21 15:53:00,train
1780196867-10,PinDuoDuo Y17 Ram,Terima kasih barangnya sudah datang dengan keadaan baik,"2026-02-21 23:04 | Variasi: Biru Muda,8/256",1,terima kasih barangnya sudah datang dengan keadaan baik,2026-02-21 23:04:00,train
1780196867-42,PinDuoDuo Y17 Ram,"baru pertama kali beli hp online, awalnya ragu tapi setelah paketnya datang alhamdulillah sesuai di pict ayo ges jgn ragu untuk beli dan tanya sama kknya ya di live🙂‍↔️, pengiriman pake plastik berangin safety sampai ke kalsel wak🥴","2026-02-22 13:45 | Variasi: Pink,8/256",1,baru pertama kali beli handphone online awalnya ragu tapi setelah paketnya datang alhamdulillah sesuai di pict ayo ges jgn ragu untuk beli dan tanya sama kknya ya di live pengiriman pake plastik berangin safety sampai ke kalsel wak,2026-02-22 13:45:00,train
1780196867-9,PinDuoDuo Y17 Ram,"Alhamdulillah udh sampai, bnr2 ngeplong soalnya dlu pernah beli hp mlh kena jebakan Batman, yg dtng mlh merk nya gak ada beli d atas 1 jutaan Lebih mlh d jual lagi parah bngt, tp d sini lapaknya beneran Jujur dan amanah bngt👍👍👍","2026-02-22 19:07 | Variasi: Biru Muda,8/256",1,alhamdulillah udh sampai bnr2 ngeplong soalnya dlu pernah beli handphone mlh kena jebakan batman yang dtng mlh merk nya gak ada beli d atas 1 jutaan lebih mlh d jual lagi parah bngt tapi d sini lapaknya beneran jujur dan amanah bngt,2026-02-22 19:07:00,train
1780196867-18,PinDuoDuo Y17 Ram,"Hp yang di terima dalam kondisi baik, fitur lengkap, di dalam box nya sudah termasuk case dan charger, sangat di rekomendasi beli hp di sini👍","2026-02-23 13:41 | Variasi: Biru Muda,6/128",1,handphone yang di terima dalam kondisi baik fitur lengkap di dalam box nya sudah termasuk case dan charger sangat di rekomendasi beli handphone di sini,2026-02-23 13:41:00,train
1780196867-59,PinDuoDuo Y17 Ram,Jangan ragu pesan di toko ini . Toko nya sangat amanah.  Gak ada vidio Krn vidio nya terlalu panjang .TPI tokoh nya amanah,"2026-02-23 15:31 | Variasi: Pink,8/256",1,jangan ragu pesan di toko ini toko nya sangat amanah gak ada vidio krn vidio nya terlalu panjang tapi tokoh nya amanah,2026-02-23 15:31:00,train
1780196867-87,PinDuoDuo Y17 Ram,"Imei 1 dan 2 hp ini tdk terdeteksi di web cek imei vivo.
Pas connect email dan terkonfirmasi di hp yang sudah lebih terpasang Email, tertulis bukan Vivo Y17 tertulisnya Y19.

Kenapa sy beli, krn sy hanya butuh kamera biasa, bisa internet, body hp pink. Menurut saya hp ini adalah rakitan. Buat sy ini cukup sesuai kebutuhan sy","2026-02-23 18:14 | Variasi: Pink,8/256",1,imei 1 dan 2 handphone ini tdk terdeteksi di web cek imei vivo pas connect email dan terkonfirmasi di handphone yang sudah lebih terpasang email tertulis bukan vivo y17 tertulisnya y19 kenapa saya beli krn saya hanya butuh kamera biasa bisa internet body handphone pink menurut saya handphone ini adalah rakitan buat saya ini cukup sesuai kebutuhan saya,2026-02-23 18:14:00,train
1780196867-4,PinDuoDuo Y17 Ram,Sukses selalu kk.. semoga sll amanah.. pesanan aman dan sesuai dg pesanan saya.. next order lg dsni.. mksh..,"2026-02-25 12:44 | Variasi: Merah,8/256",1,sukses selalu kk semoga sll amanah pesanan aman dan sesuai dg pesanan saya next order lg dsni mksh,2026-02-25 12:44:00,train
1780196867-6,PinDuoDuo Y17 Ram,Paket udah nyampe dgn baik anak sy suka Skali HPnya🥰,"2026-02-26 16:14 | Variasi: Biru,8/256",1,paket udah nyampe dengan baik anak saya suka skali hpnya,2026-02-26 16:14:00,train
1780196867-70,PinDuoDuo Y17 Ram,wah dengan harga segini dapat barang yang oke. ajib,"2026-02-27 00:37 | Variasi: Merah,8/256",1,wah dengan harga segini dapat barang yang oke ajib,2026-02-27 00:37:00,train
1780196867-53,PinDuoDuo Y17 Ram,"Alhamdulillah.. Barang dah sampai.. Walaupun tidak sesuai estimasi... Kondisi bagus, trimakasih.. Semoga awet,,","2026-02-27 20:57 | Variasi: Merah,8/256",1,alhamdulillah barang dah sampai walaupun tidak sesuai estimasi kondisi bagus trimakasih semoga awet,2026-02-27 20:57:00,train
1780196867-94,PinDuoDuo Y17 Ram,"barang Sudh smpai tujuan KK...bener"" amanah toko ini.....ini pembelian saya yg kdua di toko ini👍👍👍👍👍👍👍","2026-02-28 20:43 | Variasi: Biru Muda,8/256",1,barang sudh smpai tujuan kk bener amanah toko ini ini pembelian saya yang kdua di toko ini,2026-02-28 20:43:00,train
1780196867-106,PinDuoDuo Y17 Ram,"Alhamdulillah pesanan mendarat dengan selamat semoga awet ya ke lengkapan nya full set baru lagi pengiriman cepat,good lah","2026-03-01 13:43 | Variasi: Biru Muda,8/256",1,alhamdulillah pesanan mendarat dengan selamat semoga awet ya ke lengkapan nya full set baru lagi pengiriman cepat good lah,2026-03-01 13:43:00,train
1780196867-12,PinDuoDuo Y17 Ram,"Pesanannya sudah diterima dan berfungsi dengan baik, semoga awet pemakaiannya. Terima kasih 😔🙏🏻","2026-03-02 19:13 | Variasi: Biru Muda,8/256",1,pesanannya sudah diterima dan berfungsi dengan baik semoga awet pemakaiannya terima kasih,2026-03-02 19:13:00,train
1780196867-5,PinDuoDuo Y17 Ram,Hpx benar bagus dan sangat membatu anak saya dalam mengerjakan tugas,"2026-03-02 22:27 | Variasi: Biru,8/256",1,handphonenya benar bagus dan sangat membatu anak saya dalam mengerjakan tugas,2026-03-02 22:27:00,train
1780196867-124,PinDuoDuo Y17 Ram,Terima kasih seler/toko,"2026-03-03 12:36 | Variasi: Biru Muda,4/128",1,terima kasih penjual toko,2026-03-03 12:36:00,train
1780196867-104,PinDuoDuo Y17 Ram,Pokonya belaja ditoko ini sangat puas terimakasih seler,"2026-03-05 18:55 | Variasi: Biru Muda,8/256",1,pokonya belaja ditoko ini sangat puas terima kasih penjual,2026-03-05 18:55:00,train
1780196867-14,PinDuoDuo Y17 Ram,semoga awet sampai dunia akhirat,"2026-03-09 16:19 | Variasi: Biru,4/128",1,semoga awet sampai dunia akhirat,2026-03-09 16:19:00,train
1780196867-47,PinDuoDuo Y17 Ram,"Semoga sukses selalu.. 
Terimakasih sudah amanah buat toko ya🙏","2026-03-12 18:19 | Variasi: Biru Muda,8/256",1,semoga sukses selalu terima kasih sudah amanah buat toko ya,2026-03-12 18:19:00,train
1780196867-107,PinDuoDuo Y17 Ram,"Sangat buruk barang kw,padahal co 2 hp.nyesel banget.imei palsu semua media TDK bisa di gunakan selalu di spam","2026-03-24 01:57 | Variasi: Biru,8/256",1,sangat buruk barang tiruan padahal checkout 2 handphone nyesel banget imei palsu semua media tdk bisa di gunakan selalu di spam,2026-03-24 01:57:00,train
1780196867-54,PinDuoDuo Y17 Ram,"Barang bagus ber pungsi dengan baik
Toko nya sangat amanah dan jujur .
Buat sobat ku dimna saja ber ada kalau mau belanja di toko ini jangan ragu lansung beli aja toko nya amanah dan bisa di percaya","2026-03-30 18:40 | Variasi: Biru Muda,8/256",1,barang bagus ber pungsi dengan baik toko nya sangat amanah dan jujur buat sobat ku dimna saja ber ada kalau mau belanja di toko ini jangan ragu lansung beli aja toko nya amanah dan bisa di percaya,2026-03-30 18:40:00,train
1780196867-61,PinDuoDuo Y17 Ram,Barang sudah sampai dan langsung unboxing Alhamdulillah suami suka karena hadiah buat suami berfungsi dengan baik sesuai dengan pesanan..,"2026-04-01 07:15 | Variasi: Biru Muda,8/256",1,barang sudah sampai dan langsung unboxing alhamdulillah suami suka karena hadiah buat suami berfungsi dengan baik sesuai dengan pesanan,2026-04-01 07:15:00,train
1780196867-122,PinDuoDuo Y17 Ram,"Alhamdulillah yg ke dua kalinya beli di toko pinduo duo ini amanah sekali gercep 
Semoga makin sukses toko nya.","2026-04-01 08:58 | Variasi: Merah,8/256",1,alhamdulillah yang ke dua kalinya beli di toko pinduo duo ini amanah sekali gercep semoga makin sukses toko nya,2026-04-01 08:58:00,train
1780196867-65,PinDuoDuo Y17 Ram,"Baru pertama beli hp online, Alhamdulillah hp berfungsi dgn baik","2026-04-02 15:38 | Variasi: Biru Muda,8/256",1,baru pertama beli handphone online alhamdulillah handphone berfungsi dengan baik,2026-04-02 15:38:00,train
1780196867-85,PinDuoDuo Y17 Ram,"Bismillah semoga hp nya awet dipakai anak belajar,, terimakasih sellernya gercep & konfirmasi dulu sebelum kirim,, semoga berkah & laris manis amiin","2026-04-06 12:58 | Variasi: Biru Muda,8/256",1,bismillah semoga handphone nya awet dipakai anak belajar terima kasih sellernya gercep konfirmasi dulu sebelum kirim semoga berkah laris manis amiin,2026-04-06 12:58:00,train
1780196867-34,PinDuoDuo Y17 Ram,"Barang Sesuai, Harga Juga Bersahabat, Toko Amanah. Recomended Pokoknya Belanja Di Sini. . .","2026-04-07 02:02 | Variasi: Pink,8/256",1,barang sesuai harga juga bersahabat toko amanah recomended pokoknya belanja di sini,2026-04-07 02:02:00,train
1780196867-76,PinDuoDuo Y17 Ram,Bagus HP nya sesuai gambar ga kecewa awalnya takut di kirim asal asalan tapi beneran HP nya,"2026-04-07 22:41 | Variasi: Biru Muda,8/256",1,bagus handphone nya sesuai gambar tidak kecewa awalnya takut di kirim asal asalan tapi beneran handphone nya,2026-04-07 22:41:00,train
1780196867-56,PinDuoDuo Y17 Ram,",chargeran jg berfungsi dengan baik
Setelah 3 hari dari pesanan dteng ,baru keliatan batre nya udh eror .
Dicas 30 menit langsung full 100% .tapi dpke hanya 2 menit lngsung mati","2026-04-08 22:32 | Variasi: Merah,8/256",1,chargeran jg berfungsi dengan baik setelah 3 hari dari pesanan dteng baru keliatan batre nya udh eror dicas 30 menit langsung full 100 tapi dpke hanya 2 menit lngsung mati,2026-04-08 22:32:00,train
1780196867-51,PinDuoDuo Y17 Ram,Alhamdulillah barangnya sudah sampai tujuan dengan selamat pengemasan cepat pengiriman barang standar respon penjual sangat baik Terima kasih buat penjual dan kurirnya 🙏🙏🙏 minus cuman free gift kurang satu yaitu headset. Saya maklumi aja barangnya bagus no minus masih tersegel,"2026-04-09 09:48 | Variasi: Biru Muda,8/256",1,alhamdulillah barangnya sudah sampai tujuan dengan selamat pengemasan cepat pengiriman barang standar respon penjual sangat baik terima kasih buat penjual dan kurirnya minus cuman free gift kurang satu yaitu headset saya maklumi aja barangnya bagus no minus masih tersegel,2026-04-09 09:48:00,train
1780196867-86,PinDuoDuo Y17 Ram,"barang ny datang dg cepat,bgus dan aman brang ny serta amanah dech pokok ny..ntah kami beli LG SMG rezk kita lancar.. Aamiin","2026-04-10 08:49 | Variasi: Pink,8/256",1,barang ny datang dg cepat bgus dan aman brang ny serta amanah dech pokok ny ntah kami beli lg smg rezk kita lancar aamiin,2026-04-10 08:49:00,train
1780196867-73,PinDuoDuo Y17 Ram,Sangat puas..td nya meragukan.. Alhamdulillah semua mendarat dgn sempurna..semoga awet yeww,"2026-04-10 10:18 | Variasi: Biru,8/256",1,sangat puas td nya meragukan alhamdulillah semua mendarat dengan sempurna semoga awet yeww,2026-04-10 10:18:00,train
1780196867-95,PinDuoDuo Y17 Ram,"Overall bagus,harga murah barang sesuai ekspetasi.","2026-04-10 19:37 | Variasi: Pink,8/256",1,overall bagus harga murah barang sesuai ekspetasi,2026-04-10 19:37:00,train
1780196867-93,PinDuoDuo Y17 Ram,barang sudah diterima dengan baik😁,"2026-04-11 12:21 | Variasi: Pink,8/256",1,barang sudah diterima dengan baik,2026-04-11 12:21:00,train
1780196867-117,PinDuoDuo Y17 Ram,"Hp aman bagus salah nya cuma satu pas di unboxing kameranya lecet dan buram, seperti second sekian dan terimakasih 🙏","2026-04-14 15:17 | Variasi: Biru Muda,8/256",1,handphone aman bagus salah nya cuma satu pas di unboxing kameranya lecet dan buram seperti second sekian dan terima kasih,2026-04-14 15:17:00,train
1780196867-105,PinDuoDuo Y17 Ram,Barang baru jgn ragu beli dsni..mantul,"2026-04-14 17:23 | Variasi: Biru Muda,8/256",1,barang baru jgn ragu beli dsni mantul,2026-04-14 17:23:00,train
1780196867-64,PinDuoDuo Y17 Ram,Awalnya takut dan ragu ternyata asli,"2026-04-14 19:09 | Variasi: Merah,8/256",1,awalnya takut dan ragu ternyata asli,2026-04-14 19:09:00,train
1780196867-3,PinDuoDuo Y17 Ram,"Alhamdulillah berfungsi dengan baik.
Sempat was-was.
Karena sempat beli di toko sebelah,yang dikirim hp mati.
Terima kasih, semoga amanah.","2026-04-14 20:01 | Variasi: Biru Muda,8/256",1,alhamdulillah berfungsi dengan baik sempat was was karena sempat beli di toko sebelah yang dikirim handphone mati terima kasih semoga amanah,2026-04-14 20:01:00,train
1780167137-1,TAOB1688_Ip 17 Pro,"mantap bos ku 
syaa mau pesan lagi harga bisa kurang bos",2026-04-14,1,mantap bos ku syaa mau pesan lagi harga bisa kurang bos,2026-04-14 00:00:00,train
1780167137-2,TAOB1688_Ip 17 Pro,"𝑖𝑃ℎ𝑜𝑛𝑒 𝑝𝑎𝑙𝑠𝑢 𝑝𝑎𝑙𝑒 𝑘𝑖𝑟𝑎 𝑎𝑠𝑙𝑖
𝑜𝑟𝑎𝑛𝑔 𝑑𝑖 𝑘𝑜𝑛𝑡𝑒𝑟 𝑏𝑙𝑎𝑛𝑔 𝑏𝑢𝑘𝑎𝑛 𝑖𝑃ℎ𝑜𝑛𝑒 𝑎𝑠𝑙𝑖
 𝑝𝑎𝑛𝑡𝑎𝑠 𝑑𝑖 𝑗𝑢𝑎𝑙 𝑚𝑢𝑟𝑎ℎ.",3 minggu lalu,1,iphone palsu pale kira asli orang di konter blang bukan iphone asli pantas di jual murah,2026-05-11 00:00:00,train
1780315618-1,TAOB88.SHOP_ip17,"Wort it banget dengan harga segini kualitas juga oke, responsif kamera bagus, dan ada cashback juga mantap!🫶",2026-02-13 09:10 | Variasi: Oren,1,wort it banget dengan harga segini kualitas juga oke responsif kamera bagus dan ada cashback juga mantap,2026-02-13 09:10:00,train
1780315618-20,TAOB88.SHOP_ip17,"Barang nya sesuai di foto,barang bagus dngan harga segini sih udah bagus banget ya mnurut aku blanja di sini memuaskan,mksih seller mksih juga buat abg kurir",2026-02-18 10:10 | Variasi: Oren,1,barang nya sesuai di foto barang bagus dngan harga segini sih udah bagus banget ya mnurut aku blanja di sini memuaskan terima kasih penjual terima kasih juga buat abg kurir,2026-02-18 10:10:00,train
1780315618-39,TAOB88.SHOP_ip17,Tdk bisa berfungsi,2026-02-25 20:24 | Variasi: Oren,1,tdk bisa berfungsi,2026-02-25 20:24:00,train
1780315618-35,TAOB88.SHOP_ip17,Pusat kontrol dan bulatan siri nya gadak min,2026-02-27 22:44 | Variasi: Oren,1,pusat kontrol dan bulatan siri nya gadak min,2026-02-27 22:44:00,train
1780315618-14,TAOB88.SHOP_ip17,Bagus bgt puas deh,2026-03-05 11:14 | Variasi: Oren,1,bagus banget puas deh,2026-03-05 11:14:00,train
1780315618-16,TAOB88.SHOP_ip17,Sesuai pesanan ...cepat SMP...good👍,2026-03-05 19:08 | Variasi: Navy,1,sesuai pesanan cepat smp good,2026-03-05 19:08:00,train
1780315618-37,TAOB88.SHOP_ip17,Tidak bisa aktif jaringan datanya,2026-03-13 21:26 | Variasi: Oren,1,tidak bisa aktif jaringan datanya,2026-03-13 21:26:00,train
1780315618-48,TAOB88.SHOP_ip17,Next order lagi 😊😊😊,2026-03-17 12:57 | Variasi: Navy,1,next order lagi,2026-03-17 12:57:00,train
1780315618-51,TAOB88.SHOP_ip17,Masya allah anak saya suka banget,2026-03-17 20:32 | Variasi: Oren,1,masya allah anak saya suka banget,2026-03-17 20:32:00,train
1780315618-32,TAOB88.SHOP_ip17,Belum satu bulan sudah matot. Masih minta tolong admin tapi tiada kejelasan,2026-03-26 16:44 | Variasi: Oren,1,belum satu bulan sudah matot masih minta tolong admin tapi tiada kejelasan,2026-03-26 16:44:00,train
1780315618-44,TAOB88.SHOP_ip17,"dgn nominal segitu, oke si😉",2026-03-28 09:18 | Variasi: Navy,1,dengan nominal segitu oke si,2026-03-28 09:18:00,train
1780315618-45,TAOB88.SHOP_ip17,Semoga awet dan tidak mudah error baik devicenya maupun softwarenya,2026-03-28 15:48 | Variasi: Oren,1,semoga awet dan tidak mudah error baik devicenya maupun softwarenya,2026-03-28 15:48:00,train
1780315618-2,TAOB88.SHOP_ip17,Terima kasih aku dapat iPhone yang asli dengan harganya sangat tidak masuk akal terima kasih ayo semuanya buruan check out,2026-04-07 15:28 | Variasi: Oren,1,terima kasih aku dapat iphone yang asli dengan harganya sangat tidak masuk akal terima kasih ayo semuanya buruan check out,2026-04-07 15:28:00,train
1780315618-23,TAOB88.SHOP_ip17,"Sebening tetesan embun pagi
Secerah sinarnya mentari
Bila ku tatap wajahmu ibu
Ada kehangatan di dalam hatiku
Air wudhu selalu membasahimu
Ayat suci selalu dikumandangkan
Suara lembut penuh keluh dan kesah
Berdoa untuk putra putrinya
Oh ibuku engkaulah wanita
Yang ku cinta selama hidupku
Maafkan anakmu bila ada salah
Pengorbananmu tanpa balas jasa
Ya Allah ampuni dosanya
Sayangilah seperti menyayangiku
Berilah ia kebahagiaan
Di dunia juga di akhirat",2026-04-13 09:52 | Variasi: Navy,1,sebening tetesan embun pagi secerah sinarnya mentari bila ku tatap wajahmu ibu ada kehangatan di dalam hatiku air wudhu selalu membasahimu ayat suci selalu dikumandangkan suara lembut penuh keluh dan kesah berdoa untuk putra putrinya oh ibuku engkaulah wanita yang ku cinta selama hidupku maafkan anakmu bila ada salah pengorbananmu tanpa balas jasa ya allah ampuni dosanya sayangilah seperti menyayangiku berilah ia kebahagiaan di dunia juga di akhirat,2026-04-13 09:52:00,train
1780315618-28,TAOB88.SHOP_ip17,Saya suka karna paketnya benar2 sampai dg harga segitu dan untuk kurir ny Terima kasih,2026-04-13 14:19 | Variasi: Hijau,1,saya suka karna paketnya benar2 sampai dg harga segitu dan untuk kurir ny terima kasih,2026-04-13 14:19:00,train
1780315618-30,TAOB88.SHOP_ip17,Kaca jernih seler juga ramah,2026-04-19 20:31 | Variasi: Navy,1,kaca jernih penjual juga ramah,2026-04-19 20:31:00,train
1780167045-1,Temu Toko_Ip 17 Pro,"Keren ini mah hp nya kecil tapi gak kecil baget anak saya suka buat bocill cocok dari pada harus rebutan sama saya😂 
Harga terjangkau kualitas gak perlu di ragukan lagi, gak perlu pikir panjang langsung checkout barang memuaskan terima kasih seller🫰🏻🫰🏻❤️❤️",2025-09-08 11:53 | Variasi: Silver,1,keren ini mah handphone nya kecil tapi gak kecil baget anak saya suka buat bocah cocok dari pada harus rebutan sama saya harga terjangkau kualitas gak perlu di ragukan lagi gak perlu pikir panjang langsung checkout barang memuaskan terima kasih penjual,2025-09-08 11:53:00,train
1780167045-2,Temu Toko_Ip 17 Pro,Di luar ekspetasi saya ga nyangka bakal SE cute ini😍 udah di coba berfungsi dengan baikk  ga nyesel deh pokoknya respon penjual pun cepat sekali 🫶hitam doff juga glossy mantullll🫶🫶🫶,2025-09-08 11:57 | Variasi: Hitam,1,di luar ekspetasi saya tidak nyangka bakal se cute ini udah di coba berfungsi dengan baikk tidak nyesel deh pokoknya respon penjual pun cepat sekali hitam doff juga glossy mantullll,2025-09-08 11:57:00,train
1780167045-3,Temu Toko_Ip 17 Pro,"Barang tidak sesuai deskripsi tidak bisa di Pakaikan SIM CARD HP nya juga lambat SIM terbaca tapi jaringan internet nya gak bisa di pake... Saya sudah masukin Telkomsel, AXIS dan M3 malah M3 tulisannya Roaming
Seller nya juga gak bales waktu di cht",2025-09-18 17:02 | Variasi: Grey,1,barang tidak sesuai deskripsi tidak bisa di pakaikan sim card handphone nya juga lambat sim terbaca tapi jaringan internet nya gak bisa di pake saya sudah masukin telkomsel axis dan m3 malah m3 tulisannya roaming penjual nya juga gak bales waktu di cht,2025-09-18 17:02:00,train
1780167045-5,Temu Toko_Ip 17 Pro,"Awanya agak ragu, tapi setelah dicoba imut bgt dan lucu. Sinyal aman, wifi lancar. walau emang kinerja agak lemot dibanding hape normal. Tapi wajar untuk hape mini kayak gini. cocok buat second phone.",2025-09-28 20:52 | Variasi: Silver,1,awanya agak ragu tapi setelah dicoba imut banget dan lucu sinyal aman wifi lancar walau emang kinerja agak lambat dibanding handphone normal tapi wajar untuk handphone mini kayak gini cocok buat second phone,2025-09-28 20:52:00,train
1780167045-6,Temu Toko_Ip 17 Pro,trmksi kak barang nya sudah sampai⭐⭐⭐⭐⭐,2025-10-14 22:25 | Variasi: Silver,1,trmksi kak barang nya sudah sampai,2025-10-14 22:25:00,train
1780167045-10,Temu Toko_Ip 17 Pro,Baguss bgtt gak nyesel beli disini,2025-10-30 10:47 | Variasi: Silver,1,baguss banget gak nyesel beli disini,2025-10-30 10:47:00,train
1780167045-25,Temu Toko_Ip 17 Pro,lucuuu,2025-11-02 19:58 | Variasi: Silver,1,lucuuu,2025-11-02 19:58:00,train
1780167045-8,Temu Toko_Ip 17 Pro,mantpsssssssss,2025-12-23 17:06 | Variasi: Silver,1,mantap,2025-12-23 17:06:00,train
1780167045-20,Temu Toko_Ip 17 Pro,"Overall puas, lucu bgt gemess",2025-12-26 13:35 | Variasi: Oren,1,overall puas lucu banget gemess,2025-12-26 13:35:00,train
1780167045-22,Temu Toko_Ip 17 Pro,"thanks hpnya sudah di terima, pengiriman cepat dan anakku suka thanks kak",2025-12-27 14:19 | Variasi: Oren,1,thanks hpnya sudah di terima pengiriman cepat dan anakku suka thanks kak,2025-12-27 14:19:00,train
1780167045-17,Temu Toko_Ip 17 Pro,"BARANG RUSAK KOK DIJUAL!
Beli pertama warna oren, oke 
Segelan semua masih baru
Lalu saya beli kedua warna silver, barang datang ngga ada segel, screen protector sudah terpasang, curiga sudah bekas rusak orang retur sebelomnya, beneran, ga bisa nyala, ga bisa di charge
Ajukan pengembalian entah kenapa hari k3 sudah ga ada pilihannya
Seller dikontak tidak mau urus, tidak tanggung jawab, jelas barang ini rusak
Jahat yah, semoga kaya raya kamu kerja model seperti ini.
Ini sudah pasti barang returan dari orang lain yang rusak dikirim ke saya",2026-01-07 11:03 | Variasi: Grey,1,barang rusak kok dijual beli pertama warna oren oke segelan semua masih baru lalu saya beli kedua warna silver barang datang ngga ada segel screen protector sudah terpasang curiga sudah bekas rusak orang retur sebelomnya beneran tidak bisa nyala tidak bisa di charge ajukan pengembalian entah kenapa hari k3 sudah tidak ada pilihannya penjual dikontak tidak mau urus tidak tanggung jawab jelas barang ini rusak jahat yah semoga kaya raya kamu kerja model seperti ini ini sudah pasti barang returan dari orang lain yang rusak dikirim ke saya,2026-01-07 11:03:00,train
